<?xml-stylesheet href='C:\LSP Program Files\Metavist_2021\XML\NBII_classic.xsl' type='text/xsl'?>
<metadata>
  <idinfo>
    <citation>
      <citeinfo>
        <origin>Boyer, William D.</origin>
        <origin>Brockway, Dale G.</origin>
        <origin>Willis, John L.</origin>
        <pubdate>2024</pubdate>
        <title>Longleaf pine regional cone production study</title>
        <geoform>tabular digital data</geoform>
        <pubinfo>
          <pubplace>Fort Collins, CO</pubplace>
          <publish>Forest Service Research Data Archive</publish>
        </pubinfo>
        <onlink>https://doi.org/10.2737/RDS-2024-0040</onlink>
      </citeinfo>
    </citation>
    <descript>
      <abstract>The number of green cones per tree produced by mature longleaf pines, at selected sites across the Southern Region, has been recorded during the spring of each year since 1958, beginning first at the Escambia Experimental Forest in Alabama for 8 years and then expanded to include several more sites during subsequent years in Louisiana, Florida, Georgia, South Carolina, and North Carolina. These spring cone counts (during April and May) are used to forecast longleaf pine tree cone production for fall (late October). Annual average cone production is provided for 11 sites ranging from 1958 to 2024 (data collection at most sites began in the late 1960s). Also included are annual diameter at breast height (DBH) measurements collected for 10-50 longleaf pine trees in each of 25 different stands (amongst the 11 different sites), as well as green cone production counts for individual longleaf pine trees in 35 stands from 1989-2024. Data from the 1957-2013 Escambia Experimental Forest Pollen Production Study are also provided, which includes measurements such as annual pollen grain counts, date of highest pollen count, and quality of next year's cone crop based on number of green cones found per tree. Study plans for the longleaf pine seed production study at the Escambia Experimental Forest and the establishment report are provided, in addition to the 2023 and 2024 annual reports for this study, which encompasses several other locations in the Southern Region. Photographs taken at a few of the study site locations are also included.</abstract>
      <purpose>These data were originally collected to further understanding of the reproductive biology of longleaf pine and to provide useful information to forest managers and nursery managers about current cone crop quality. More recently, these data have been used by researchers who are analyzing the influence of climate change on the reproductive biology of longleaf pine and, thus, factors that may impair the long-term sustainability of this important tree species. These data can also be helpful to forest managers in their decision-making concerning whether or not to implement site preparation via prescribed burning during the period prior to seed fall. Forest tree nursery managers can also use it in planning their longleaf pine cone and seed collection activities. 
	  
This ongoing study effort will continue generating new data that will be used to annually prepare a technical report, which forecasts longleaf pine cone production for each year, that is widely distributed to interested constituent groups and individuals.</purpose>
      <supplinf>There are many publications containing detailed information about this study, which are provided as cross-references below.</supplinf>
    </descript>
    <timeperd>
      <timeinfo>
        <rngdates>
          <begdate>1957</begdate>
          <enddate>2024</enddate>
        </rngdates>
      </timeinfo>
      <current>Ground condition</current>
    </timeperd>
    <status>
      <progress>In progress</progress>
      <update>As needed</update>
    </status>
    <spdom>
      <bounding>
        <eastbc>-78.5</eastbc>
        <westbc>-92.5</westbc>
        <northbc>34.7</northbc>
        <southbc>29.7</southbc>
        <boundalt>
          <altmax>400</altmax>
          <altmin>80</altmin>
          <altunits>feet</altunits>
        </boundalt>
      </bounding>
      <descgeog>These data were collected in the southern region: Louisiana, Alabama, Florida, Georgia, South Carolina, and North Carolina. Data were collected in the Hilly Coastal Plain, Middle Coastal Plain, and Lower Coastal Plain physiographic provinces.
	  
LONGLEAF PINE CONE PRODUCTION STUDY: State - Site - Stand List

Stands monitored through 2024:

AL - T.R. Miller Woodlands - Escambia Experimental Forest Compartment 156 (the Farm Forty)

FL - Apalachicola National Forest - Compartment #222 East of highway US-319 at Munson Slough

FL - Blackwater River State Forest - West of Old Martin Road and Northeast of CART Study

FL - Eglin Air Force Base - "Shelterwood #2" West of Road 608 and South of Rattlesnake Road

FL - Eglin Air Force Base - New Sandhills Site along Westside of Florida Highway 85 between Mile Markers 19 and 20

FL - Eglin Air Force Base - "Shelterwood #1" East of Florida Highway 285 at Brown Pond

FL - Ordway-Swisher Biological Station - Compartment #MU-B6

FL - Tall Timbers Research Station - Westside of Gallien Road

GA - Fort Moore Military Base -Units A9, S1, J6, A14, J3, O11, N1, T3, J1 and T5 (recently, Fort Benning's name was officially changed to Fort Moore)

GA - Jones Ecological Research Center - the Turkey Woods

LA - Kisatchie National Forest - Palustris Experimental Forest Croker Stand

NC - Bladen Lakes State Forest - along Johnsontown Road on Northside

SC - Sand Hills State Forest -  East of Patrick-Society Hill Road


Stands no longer monitored (as of 2024):

AL - T.R. Miller Woodlands - Escambia Experimental Forest Compartment 55

AL - T.R. Miller Woodlands - Escambia Experimental Forest Compartment 71

AL - T.R. Miller Woodlands - Escambia Experimental Forest Compartment 82

AL - T.R. Miller Woodlands - Escambia Experimental Forest Compartment 103

AL - T.R. Miller Woodlands - Escambia Experimental Forest Compartment 107 (South of Croker Pond)

AL - T.R. Miller Woodlands - Escambia Experimental Forest Compartment 113

AL - T.R. Miller Woodlands - Escambia Experimental Forest Compartment 118

AL - T.R. Miller Woodlands - Escambia Experimental Forest Compartment 128

FL - Eglin Air Force Base - Old Sandhills #1

FL - Eglin Air Force Base - Old Sandhills #2

GA - Southlands Experimental Forest of International Paper Company - near Bainbridge (discontinued after 1996)

GA - Tall Timbers Research Station - Pebble Hill Plantation


POLLEN STUDY: State - Site List

AL - Escambia Experimental Forest
	  </descgeog>
    </spdom>
    <keywords>
      <theme>
        <themekt>ISO 19115 Topic Category</themekt>
        <themekey>biota</themekey>
      </theme>
      <theme>
        <themekt>National Research &amp; Development Taxonomy</themekt>
        <themekey>Forest &amp; Plant Health</themekey>
        <themekey>Inventory, Monitoring, &amp; Analysis</themekey>
      </theme>
      <theme>
        <themekt>None</themekt>
        <themekey>Pinus palustris</themekey>
        <themekey>sustainability</themekey>
        <themekey>restoration</themekey>
        <themekey>regeneration</themekey>
        <themekey>pollen</themekey>
        <themekey>cones</themekey>
        <themekey>seeds</themekey>
      </theme>
      <place>
        <placekt>None</placekt>
        <placekey>Alabama</placekey>
        <placekey>Florida</placekey>
        <placekey>Georgia</placekey>
        <placekey>Louisiana</placekey>
        <placekey>North Carolina</placekey>
        <placekey>South Carolina</placekey>
        <placekey>Escambia Experimental Forest</placekey>
        <placekey>Palustris Experimental Forest</placekey>
      </place>
    </keywords>
    <taxonomy>
      <keywtax>
        <taxonkt>None</taxonkt>
        <taxonkey>plants</taxonkey>
        <taxonkey>single species</taxonkey>
      </keywtax>
      <taxoncl>
        <taxonrn>Kingdom</taxonrn>
        <taxonrv>Plantae</taxonrv>
        <common>plantes</common>
        <common>Planta</common>
        <common>Vegetal</common>
        <common>plants</common>
        <taxoncl>
          <taxonrn>Subkingdom</taxonrn>
          <taxonrv>Viridiplantae</taxonrv>
          <common>green plants</common>
          <taxoncl>
            <taxonrn>Infrakingdom</taxonrn>
            <taxonrv>Streptophyta</taxonrv>
            <common>land plants</common>
            <taxoncl>
              <taxonrn>Superdivision</taxonrn>
              <taxonrv>Embryophyta</taxonrv>
              <taxoncl>
                <taxonrn>Division</taxonrn>
                <taxonrv>Tracheophyta</taxonrv>
                <common>vascular plants</common>
                <common>tracheophytes</common>
                <taxoncl>
                  <taxonrn>Subdivision</taxonrn>
                  <taxonrv>Spermatophytina</taxonrv>
                  <common>spermatophytes</common>
                  <common>seed plants</common>
                  <common>phanérogames</common>
                  <taxoncl>
                    <taxonrn>Class</taxonrn>
                    <taxonrv>Pinopsida</taxonrv>
                    <common>conifers</common>
                    <taxoncl>
                      <taxonrn>Subclass</taxonrn>
                      <taxonrv>Pinidae</taxonrv>
                      <taxoncl>
                        <taxonrn>Order</taxonrn>
                        <taxonrv>Pinales</taxonrv>
                        <common>pines</common>
                        <taxoncl>
                          <taxonrn>Family</taxonrn>
                          <taxonrv>Pinaceae</taxonrv>
                          <common>pines</common>
                          <taxoncl>
                            <taxonrn>Genus</taxonrn>
                            <taxonrv>Pinus</taxonrv>
                            <common>pine</common>
                            <taxoncl>
                              <taxonrn>Species</taxonrn>
                              <taxonrv>Pinus palustris</taxonrv>
                              <common>longleaf pine</common>
                            </taxoncl>
                          </taxoncl>
                        </taxoncl>
                      </taxoncl>
                    </taxoncl>
                  </taxoncl>
                </taxoncl>
              </taxoncl>
            </taxoncl>
          </taxoncl>
        </taxoncl>
      </taxoncl>
      <taxonsys>
        <classsys>
          <classcit>
            <citeinfo>
              <origin>ITIS</origin>
              <pubdate>2024</pubdate>
              <title>Integrated Taxonomic Information System</title>
              <geoform>on-line database</geoform>
              <othercit>Retrieved [June, 13, 2024]; CC0</othercit>
              <onlink>https://www.itis.gov</onlink>
              <onlink>https://doi.org/10.5066/F7KH0KBK</onlink>
            </citeinfo>
          </classcit>
        </classsys>
      </taxonsys>
    </taxonomy>
    <accconst>None</accconst>
    <useconst>These data were collected using funding from the U.S. Government and can be used without additional permissions or fees. If you use these data in a publication, presentation, or other research product please use the following citation: 

Boyer, William D.; Brockway, Dale G.; Willis, John L. 2024. Longleaf pine regional cone production study. Fort Collins, CO: Forest Service Research Data Archive. https://doi.org/10.2737/RDS-2024-0040</useconst>
    <ptcontac>
      <cntinfo>
        <cntperp>
          <cntper>John L. Willis</cntper>
          <cntorg>USDA Forest Service, Southern Research Station</cntorg>
        </cntperp>
        <cntaddr>
          <addrtype>mailing and physical</addrtype>
          <address>Forestry Sciences Laboratory, 521 Devall Drive</address>
          <city>Auburn</city>
          <state>AL</state>
          <postal>36849</postal>
          <country>USA</country>
        </cntaddr>
        <cntvoice>334-826-8700 ext. 133</cntvoice>
        <cntpos>Research Forester</cntpos>
        <cntemail>john.willis@usda.gov</cntemail>
        <cntinst>This contact information was current as of original publication date. For current information see Contact Us page on: https://doi.org/10.2737/RDS.</cntinst>
      </cntinfo>
    </ptcontac>
    <datacred>This project was funded by the USDA Forest Service, Southern Research Station.
	
	
Author Information:

William D. Boyer
USDA Forest Service, Southern Research Station (deceased)

Dale G. Brockway
USDA Forest Service, Southern Research Station (Emeritus Scientist)
https://orcid.org/0000-0001-7252-4573

John L. Willis
USDA Forest Service, Southern Research Station (Research Forester)
https://orcid.org/0000-0003-0238-0003
</datacred>
    <crossref>
      <citeinfo>
        <origin>Boyer, William D.</origin>
        <pubdate>1972</pubdate>
        <title>Air temperature, heat sums, and pollen shedding phenology of longleaf pine</title>
        <geoform>journal article</geoform>
        <serinfo>
          <sername>Ecology</sername>
          <issue>54(2)</issue>
        </serinfo>
        <othercit>(accepted October 1972, published spring 1973)</othercit>
        <onlink>https://doi.org/10.2307/1934351</onlink>
        <onlink>https://www.fs.usda.gov/research/treesearch/2438</onlink>
      </citeinfo>
    </crossref>
    <crossref>
      <citeinfo>
        <origin>Boyer, William D.</origin>
        <pubdate>1987</pubdate>
        <title>Annual and geographic variations in cone production by longleaf pine</title>
        <geoform>conference proceedings</geoform>
        <othercit>pages 73-76</othercit>
        <lworkcit>
          <citeinfo>
            <pubdate>1987</pubdate>
            <title>Proceedings Fourth Biennial Southern Silvicultural Research Conference</title>
            <geoform>conference proceedings</geoform>
            <serinfo>
              <sername>General Technical Report</sername>
              <issue>SE-42</issue>
            </serinfo>
            <pubinfo>
              <pubplace>Atlanta, GA</pubplace>
              <publish>U.S. Department of Agriculture, Forest Service</publish>
            </pubinfo>
            <othercit>1986 November 4-6; Asheville NC</othercit>
          </citeinfo>
        </lworkcit>
        <onlink>https://www.fs.usda.gov/research/treesearch/972</onlink>
      </citeinfo>
    </crossref>
    <crossref>
      <citeinfo>
        <origin>Croker, Thomas Caldwell</origin>
        <pubdate>1987</pubdate>
        <title>Longleaf pine: a history of man and a forest</title>
        <geoform>document</geoform>
        <serinfo>
          <sername>Forestry Report</sername>
          <issue>R8-FR 7</issue>
        </serinfo>
        <pubinfo>
          <pubplace>Atlanta, GA</pubplace>
          <publish>U.S. Department of Agriculture, Forest Service, Southern Region</publish>
        </pubinfo>
        <othercit>(included in data publication download: \Supplements\1987_Croker_History_of_Man_and_Forest.pdf)</othercit>
      </citeinfo>
    </crossref>
    <crossref>
      <citeinfo>
        <origin>Boyer, William D.</origin>
        <pubdate>1998</pubdate>
        <title>Long-term changes in flowering and cone production by longleaf pine</title>
        <geoform>conference proceedings</geoform>
        <othercit>pages 92-98</othercit>
        <lworkcit>
          <citeinfo>
            <title>Proceedings of the ninth biennial southern silvicultural research conference</title>
            <geoform>conference proceedings</geoform>
            <serinfo>
              <sername>General Technical Report</sername>
              <issue>SRS-20</issue>
            </serinfo>
            <pubinfo>
              <pubplace>Asheville, NC</pubplace>
              <publish>U.S. Department of Agriculture, Forest Service, Southern Research Station</publish>
            </pubinfo>
            <othercit>1997 February 25-27; Clemson, SC</othercit>
          </citeinfo>
        </lworkcit>
        <onlink>https://www.fs.usda.gov/research/treesearch/982</onlink>
      </citeinfo>
    </crossref>
    <crossref>
      <citeinfo>
        <origin>Pederson, Neil</origin>
        <origin>Kush, John S.</origin>
        <origin>Meldahl Ralph S.</origin>
        <origin>Bayer, William D.</origin>
        <pubdate>1999</pubdate>
        <title>Longleaf pine cone crops and climate: A possible link</title>
        <geoform>conference proceedings</geoform>
        <othercit>pages 255-258</othercit>
        <lworkcit>
          <citeinfo>
            <origin>Haywood, James D. (ed.)</origin>
            <title>Tenth Biennial Southern Silvicultural Research Conference</title>
            <geoform>conference proceedings</geoform>
            <serinfo>
              <sername>General Technical Report</sername>
              <issue>SRS-30</issue>
            </serinfo>
            <pubinfo>
              <pubplace>Asheville, NC</pubplace>
              <publish>U.S. Department of Agriculture, Forest Service, Southern Research Station</publish>
            </pubinfo>
            <othercit>1999 February 16-18; Shreveport, LA</othercit>
          </citeinfo>
        </lworkcit>
        <onlink>https://www.fs.usda.gov/research/treesearch/2299</onlink>
      </citeinfo>
    </crossref>
    <crossref>
      <citeinfo>
        <origin>Brockway, Dale G.</origin>
        <origin>Outcalt, Kenneth W.</origin>
        <origin>Tomczak, Donald J.</origin>
        <origin>Johnson, Everett E.</origin>
        <pubdate>2005</pubdate>
        <title>Restoration of longleaf pine ecosystems</title>
        <geoform>document</geoform>
        <serinfo>
          <sername>General Technical Report</sername>
          <issue>SRS-83</issue>
        </serinfo>
        <pubinfo>
          <pubplace>Asheville, NC</pubplace>
          <publish>U.S. Department of Agriculture, Forest Service, Southern Research Station</publish>
        </pubinfo>
        <othercit>34 p.</othercit>
        <onlink>https://doi.org/10.2737/SRS-GTR-83</onlink>
      </citeinfo>
    </crossref>
    <crossref>
      <citeinfo>
        <origin>Brockway, Dale G.</origin>
        <origin>Outcalt, Kenneth W.</origin>
        <origin>Boyer, William D.</origin>
        <pubdate>2006</pubdate>
        <title>Longleaf pine regeneration ecology and methods</title>
        <geoform>book chapter</geoform>
        <othercit>Chapter 4; pages 95-133</othercit>
        <lworkcit>
          <citeinfo>
            <origin>Shibu, Jose (ed.)</origin>
            <origin>Jokela, Eric J. (ed.)</origin>
            <origin>Miller, Deborah L. (ed.)</origin>
            <title>The longleaf pine ecosystem: Ecology, silviculture, and restoration</title>
            <geoform>book</geoform>
            <pubinfo>
              <pubplace>New York, NY</pubplace>
              <publish>Springer</publish>
            </pubinfo>
          </citeinfo>
        </lworkcit>
        <onlink>https://doi.org/10.1007/978-0-387-30687-2_4</onlink>
        <onlink>https://www.fs.usda.gov/research/treesearch/25611</onlink>
      </citeinfo>
    </crossref>
    <crossref>
      <citeinfo>
        <origin>Chen, Xiongwen</origin>
        <origin>Guo, Qinfeng</origin>
        <origin>Brockway, Dale G.</origin>
        <pubdate>2016</pubdate>
        <title>Analyzing the complexity of cone production in longleaf pine by multiscale entropy</title>
        <geoform>journal article</geoform>
        <serinfo>
          <sername>Journal of Sustainable Forestry</sername>
          <issue>35(2): 172-182</issue>
        </serinfo>
        <othercit>11 p.</othercit>
        <onlink>https://doi.org/10.1080/10549811.2015.1135294</onlink>
        <onlink>https://www.fs.usda.gov/research/treesearch/50413</onlink>
      </citeinfo>
    </crossref>
    <crossref>
      <citeinfo>
        <origin>Chen, Xiongwen</origin>
        <origin>Brockway, Dale G.</origin>
        <origin>Guo, Qinfeng</origin>
        <pubdate>2016</pubdate>
        <title>Entropy dynamics in cone production of longleaf pine forests in the southeastern United States</title>
        <geoform>journal article</geoform>
        <serinfo>
          <sername>Mathematical and Computational Forestry and Natural-Resource Sciences</sername>
          <issue>8(2): 11-15</issue>
        </serinfo>
        <othercit>5 p.</othercit>
        <onlink>https://www.fs.usda.gov/research/treesearch/53099</onlink>
      </citeinfo>
    </crossref>
    <crossref>
      <citeinfo>
        <origin>Gou, Qinfeng</origin>
        <origin>Zarnoch, Stanley J.</origin>
        <origin>Chen, Xiongwen</origin>
        <origin>Brockway, Dale G.</origin>
        <pubdate>2016</pubdate>
        <title>Life cycle and masting of a recovering keystone indicator species under climate fluctuation</title>
        <geoform>journal article</geoform>
        <serinfo>
          <sername>Ecosystem Health and Sustainability</sername>
          <issue>2(6): e01226</issue>
        </serinfo>
        <onlink>https://doi.org/10.1002/ehs2.1226</onlink>
        <onlink>https://www.fs.usda.gov/research/treesearch/52078</onlink>
      </citeinfo>
    </crossref>
    <crossref>
      <citeinfo>
        <origin>Leduc, Daniel J.</origin>
        <origin>Sung, Shi-Jean Susana</origin>
        <origin>Brockway, Dale G.</origin>
        <origin>Sword Sayer, Mary Anne</origin>
        <pubdate>2016</pubdate>
        <title>Weather effects on the success of longleaf pine cone crops</title>
        <geoform>conference proceedings</geoform>
        <lworkcit>
          <citeinfo>
            <origin>Schweitzer, Callie Jo</origin>
            <origin>Clatterbuck, Wayne K.</origin>
            <origin>Oswalt, Christopher M. (ed.)</origin>
            <title>Proceedings of the 18th biennial southern silvicultural research conference</title>
            <geoform>conference proceedings</geoform>
            <othercit>pages 535-541</othercit>
            <serinfo>
              <sername>General Technical Report</sername>
              <issue>SRS-212</issue>
            </serinfo>
            <pubinfo>
              <pubplace>Asheville, NC</pubplace>
              <publish>U.S. Department of Agriculture, Forest Service, Southern Research Station</publish>
            </pubinfo>
            <othercit>614 p.</othercit>
            <onlink>https://doi.org/10.2737/SRS-GTR-212</onlink>
          </citeinfo>
        </lworkcit>
        <onlink>https://www.fs.usda.gov/research/treesearch/50762</onlink>
      </citeinfo>
    </crossref>
    <crossref>
      <citeinfo>
        <origin>Chen, Xiongwen</origin>
        <origin>Guo, Qinfeng</origin>
        <origin>Brockway, Dale G.</origin>
        <pubdate>2017</pubdate>
        <title>Power laws in cone production of longleaf pine across its native range in the United States</title>
        <geoform>journal article</geoform>
        <serinfo>
          <sername>Sustainable Agriculture Research</sername>
          <issue>6(4): 64-73</issue>
        </serinfo>
        <onlink>https://doi.org/10.5539/sar.v6n4p64</onlink>
        <onlink>https://www.fs.usda.gov/research/treesearch/55360</onlink>
      </citeinfo>
    </crossref>
    <crossref>
      <citeinfo>
        <origin>Guo, Qinfeng</origin>
        <origin>Brockway, Dale G.</origin>
        <origin>Chen, Xiongwen</origin>
        <pubdate>2017</pubdate>
        <title>Temperature-related sex allocation shifts in a recovering keystone species, Pinus palustris</title>
        <geoform>journal article</geoform>
        <serinfo>
          <sername>Plant Ecology and Diversity</sername>
          <issue>10(4): 303-310</issue>
        </serinfo>
        <onlink>https://doi.org/10.1080/17550874.2017.1402968</onlink>
        <onlink>https://www.fs.usda.gov/research/treesearch/55644</onlink>
      </citeinfo>
    </crossref>
    <crossref>
      <citeinfo>
        <origin>Patterson, Thomas William</origin>
        <pubdate>2017</pubdate>
        <title>Longleaf pine masting, climate variability, and tick-borne disease prevalence in the southeastern U.S.</title>
        <geoform>journal article</geoform>
        <serinfo>
          <sername>PhD Dissertation</sername>
        </serinfo>
        <pubinfo>
          <pubplace>Greensboro, NC</pubplace>
          <publish>The University of North Carolina at Greensboro</publish>
        </pubinfo>
      </citeinfo>
    </crossref>
    <crossref>
      <citeinfo>
        <origin>Chen, Xiongwen</origin>
        <origin>Brockway, Dale G.</origin>
        <origin>Guo, Qinfeng</origin>
        <pubdate>2018</pubdate>
        <title>Characterizing the dynamics of cone production for longleaf pine forests in the southeastern United States</title>
        <geoform>journal article</geoform>
        <serinfo>
          <sername>Forest Ecology and Management</sername>
          <issue>429: 1-6</issue>
        </serinfo>
        <onlink>https://doi.org/10.1016/j.foreco.2018.06.014</onlink>
        <onlink>https://www.fs.usda.gov/research/treesearch/56633</onlink>
      </citeinfo>
    </crossref>
    <crossref>
      <citeinfo>
        <origin>Chen, Xiongwen</origin>
        <origin>Brockway, Dale G.</origin>
        <origin>Guo, Qinfeng</origin>
        <pubdate>2021</pubdate>
        <title>Burstiness of seed production in longleaf pine and Chinese Torreya</title>
        <geoform>journal article</geoform>
        <serinfo>
          <sername>Journal of Sustainable Forestry</sername>
          <issue>40(2): 188-196</issue>
        </serinfo>
        <onlink>https://doi.org/10.1080/10549811.2020.1746914</onlink>
        <onlink>https://www.fs.usda.gov/research/treesearch/59712</onlink>
      </citeinfo>
    </crossref>
    <crossref>
      <citeinfo>
        <origin>Chen, Xiongwen</origin>
        <origin>Brockway, Dale G.</origin>
        <origin>Guo, Qinfeng</origin>
        <pubdate>2020</pubdate>
        <title>Temporal patterns of pollen shedding for longleaf pine (Pinus palustris) at the Escambia Experimental Forest in Alabama, USA</title>
        <geoform>journal article</geoform>
        <serinfo>
          <sername>Dendrobiology</sername>
          <issue>84: 30-38</issue>
        </serinfo>
        <onlink>https://doi.org/10.12657/denbio.084.003</onlink>
        <onlink>https://www.fs.usda.gov/research/treesearch/61649</onlink>
      </citeinfo>
    </crossref>
    <crossref>
      <citeinfo>
        <origin>Chen, Xiongwen</origin>
        <origin>Willis, John L.</origin>
        <origin>Bowman, Kimberly A.</origin>
        <pubdate>2022</pubdate>
        <title>Assessing the influence of climate on cone production of longleaf pine forests</title>
        <geoform>journal article</geoform>
        <serinfo>
          <sername>Trees, Forests and People</sername>
          <issue>9: 100297</issue>
        </serinfo>
        <othercit>7 p.</othercit>
        <onlink>https://doi.org/10.1016/j.tfp.2022.100297</onlink>
        <onlink>https://www.fs.usda.gov/research/treesearch/64500</onlink>
      </citeinfo>
    </crossref>
  </idinfo>
  <dataqual>
    <attracc>
      <attraccr>Tree diameter data were measured to the nearest 0.1 inch, using a level diameter tape pulled tightly around each tree at breast height. Green cone counts were performed using 8-10x binoculars while standing at a point sufficiently distant to view the entire tree crown from one side. Green cone counts summed for each site were then multiplied times two, to discern the total count and then divided by the number of trees on which counts were made, to derive the average number of cones per tree. This procedure was known to be accurate, based on earlier data collected during the past century, which also tracked the number of brown cones remaining on each tree plus the number of brown cones on the ground beneath each sample tree. From those earlier data, Bill (William) Boyer developed a regression relationship of 1.98, which closely approximates the “2” that is used in these calculations. Therefore, these green cone data for longleaf pine are quite accurate.</attraccr>
    </attracc>
    <logic>The green cone counting procedure is uniformly followed by Forest Service scientists and cooperating partner organizations, and is therefore reliable. The accuracy of green cone counts is supported by earlier work that cross-referenced the number of brown cones found during the following year both on the sample tree and on the ground below it.  

Tree diameter data is generally also reliable, although this may vary depending on the consistency of the technique used by field personnel conducting those measurements. Also, at Fort Moore, the tree diameter data is inconsistent, in that the tree numbers reported appear to follow a different sequence each year, thus progressive diameter increases are not always recorded.</logic>
    <complete>No data were collected at most sites during 2020, because of the ongoing coronavirus pandemic and accompanying agency travel restrictions. There are also cases where DBH measurements were not taken in some years or some locations. Data not recorded are left as blank cells (e.g., covid). If a tree was not measured because it was dead, it was recorded as "dead". If a measurement should have been collected, but was not (e.g., it could not be located) it was recorded as "missing".

Dale was unable to locate any of the individual tree data for sampling periods earlier than 1989. So, data from hardcopy paper sheets could be transcribed into electronic Excel files only going back to 1989. Only Bill had access to these individual tree data for earlier years. Dale, working on the data conversion and summary without being able to confer with Bill, surmised that these data must have been filed away in inaccessible storage, making them effectively lost to us. Dale began working on this study with Bill in 2002 and by 2009 Dale singularly took on all tasks for this monitoring effort.

The pollen study was terminated after data collection in 2013, because the two forestry technician positions, required to do the sampling, were transferred from the Escambia Experimental Forest (EF) to Auburn, AL. With research-support staff no longer stationed at the Escambia EF, it was not possible to conduct field work on the frequent basis necessary for continuation of this study and several others because of the 170 miles between the Escambia EF and the Auburn. The decrease in staff time in the field and additional costs required to perform such field studies at a long distance forced the termination of this study.
</complete>
    <lineage>
      <method>
        <methdesc>BACKGROUND
		
This broadscale long-term study developed from work that began in the middle of the 20th century by Dr. William D. Boyer, shortly after he arrived in Brewton, AL, to begin research with the USDA Forest Service, Southern Forest Experiment Station. Seed was recognized as essential for the successful recovery of longleaf pine forests that had been cutover during earlier decades. Without reliable sources of seed, natural regeneration would be very limited and forest tree nurseries would not be able to produce enough longleaf pine seedlings for planting in the field. The erratic production of seed was also known to be limiting, with longleaf pine trees producing good crops at infrequent intervals as long as once every 7 or more years. 

Therefore, a greater understanding of the factors influencing longleaf pine seed production was needed. Initial work was undertaken at the Escambia Experimental Forest, near Brewton, where research sought to discover how physical factors, such as temperature, affect pollen production. These studies also examined the timing and development of male and female primordia and how the process for each was influenced by temperature and moisture. Through this early work, an improved biological understanding of pollen, cone and seed production was developed.

Parallel silviculture studies on stand management indicated that shelterwood methods could be successful in naturally regenerating longleaf pine, when seed production was sufficient. Studies thereafter determined the number of residual overstory trees needed and the number of cones per tree needed to naturally regenerate a stand of longleaf pine. Using this knowledge, it was then possible to discern the categories of longleaf pine cone crops, having decreasing probabilities of successful natural regeneration as: bumper (&gt;100 cones per tree), good (50-99 cones per tree), fair (25-49 cones per tree, poor (10-24 cones per tree), or failed (&lt;10 cones per tree).

Once these relationships were established, it was then possible to use a count of green cones in April and May of each year to accurately forecast the likely success of longleaf pine natural regeneration following seed fall in late October. 


STUDY DESIGN - LONGLEAF PINE CONE PRODUCTION

This longleaf pine study began in the late 1950s at the Escambia Experimental Forest, was subsequently expanded in the late 1960s to more than ten sites across the natural range of longleaf pine ranging from Louisiana to North Carolina: four were National Forests in Louisiana, Mississippi, Alabama, and Florida; three were State forests in Florida, South Carolina, and North Carolina; two were private lands (Alabama and Georgia); and one was a military reservation (Florida).

Bill initiated this study and worked with cooperating landowners who were willing to participate, by providing at least one shelterwood-density stand (&lt;40 square feet per acre, with 25-35 being typical for shelterwoods) of longleaf pine in which Bill could conduct the counts of green cones. Bill chose the sites based on their broad geographic distribution across the native range of longleaf pine and the willingness of cooperators to participate.

Individual trees were chosen to be representative of mature seedbearing individuals within each longleaf pine population. Ideally, these trees should be at least 12 inches at DBH and have a crown that is free-to-grow within the forest canopy and not suppressed by intraspecific competition.

DBH measurements were not recorded every year, as the most important feature of the data was to obtain an accurate count of green cones each spring, so that the cone crop for fall could be forecast. 


CONE COUNTING METHOD
(Field sheet available in: \Supplements\2024_Annual_Report_LongleafPine_ConeProd.pdf)

Below we provide the exact field observations instructions.

Important to remember: green cones tell you how much production will happen this year and brown cones tell you how much production occurred last year.

Equipment: 8 to 10x binoculars, field data sheet, clipboard, pencil, and diameter-tape.
Optional equipment: flagging, bark scraper, paint, tree tags, aluminum nails, hammer.

1. Locate a stand that is growing at a shelterwood density of less than 40 square feet per acre (25 to 35 square feet per acre is a typical range) and contains numerous trees of at least 10 inches at diameter at breast height (DBH). Better cone crops generally come from larger-diameter trees and poorer cone crops come from smaller-diameter trees. A key consideration is that high brush and/or trees cannot obscure the crowns of your sample trees, or your data collection will be impaired. The midstory must be relatively open, so you can see the entire crown of each sample tree.

2. Select at least 10 trees in the stand to serve as your representative sample for monitoring, by painting a ring around the tree at DBH or higher and a sequence number on each. You may also attach a metal tag to the tree using an aluminum nail, but attach this high enough so that the tag number will not become obscured by char from or, even worse, melted during prescribed fires (this happens when tags are too low).

3. Using the field data sheet, enter the following data at the top: location, date, and crew. Then for each tree: measure its DBH in inches and record that measurement.

4. Walk away from the tree and toward the sun. The precise distance away from the tree is not crucial, but it should be far enough away to give your neck a comfortable angle while looking up, but not so far away that you cannot clearly see the cones with 8 to 10 power binoculars. With the sun at your back, you may need to adjust your position a bit to the left or to the right, so that you can view the entire tree crown without moving from your counting location. An uncrowded midstory will be helpful at this point.

5. Count the number of green cones that can be seen from the single spot on which you are standing. We usually start at the lower left of the crown and work up to the top of the crown, then across the top of the crown to the right and then down the right side of the crown all the way to the bottom-most branches. This is a systematic approach that scans across the entire crown (left half, top, right half) and leads to consistently accurate counts. Once you have done this, enter the number of green cones into the data sheet.

6. Because these developing cones are green, they can be difficult to see against the green pine foliage. It helps to count these green cones on a bright sunny day, when the light is good. It also helps if there is a light breeze blowing that moves the pine needles about, thereby revealing the more rigid cones. These green cones contain the seed that will be shed during the upcoming October, and it is these data that will become the numbers upon which the cone crop forecast for the current year will be based (a forecast in which many forest managers and tree nursery managers have a great interest). News of a fair or better cone crop alerts forest managers to begin preparing their seedbeds so they will be receptive to capturing and deriving the most benefit from the upcoming seed fall. Tree nursery managers are also alerted to cone collection opportunities. 

*There is a note on the data sheets that the raw number you see in your green cone count needs to be multiplied by 2 at the end of the column. Many years of research by Bill indicated that this adjustment to the raw count was needed to obtain an accurate estimate (the actual regression from his work approximated 1.98). In general terms he explained this need, because the cone count is performed by looking at only one side of the tree, thus the raw count for green cones needs to be doubled. Earlier field work, which cross-referenced the green cone count for each tree with the brown cone count on each tree and on the ground around each tree during the following year, confirmed this 1.98 relationship.  

Individual tree DBH and cone counts are provided in \Data\LLP_DBH_by_Tree-Site-Year_1989-2024.csv and \Data\LLP_Green_Cone_Count_by_Tree-Site-Year_1989-2024.csv.

For additional details, see the study plans and establishment included in this data package as well as the 2024 unpublished annual report (\Supplements\2024_Annual_Report_LongleafPine_ConeProd.pdf).
		</methdesc>
        <methcite>
          <citeinfo>
            <origin>Willis, John L.</origin>
            <origin>Quigley, Kathleen</origin>
            <origin>Brockway, Dale G.</origin>
            <pubdate>Unpublished material</pubdate>
            <title>Longleaf pine cone prospects for 2024</title>
            <geoform>document</geoform>
            <othercit>Forest Service internal report; May 2024 (included in data publication download: \Supplements\2024_Annual_Report_LongleafPine_ConeProd.pdf)</othercit>
          </citeinfo>
        </methcite>
        <methtype>Field</methtype>
      </method>
      <method>
        <methdesc>POLLEN STUDY

Metal slides having three circular openings and the external dimensions of standard microscope slides were prepared, by affixing clear tape to one side of them. A small piece of masking tape was also affixed to each slide, so that the dates it was placed-out and taken-in can be written upon each one. Every 3 or 4 days, a fresh slide, with the sticky side of its tape facing upward, was placed into a weather station. This allowed circulating air to bring airborne longleaf pine pollen into contact with the tape upon which it adheres. When not in the weather station, slides were kept in a tightly-sealed slide case to protect them. Later at the laboratory, each slide was examined under a 100x microscope and the longleaf pine pollen grains counted at 10 points within the three larger circular openings. This count provided the pollen count for each specific 3-4 day time interval during the pollen shedding season (mid-February through March).

These data are then used to plot the relative volume of pollen shedding and determine when peak pollen shedding occurs. These data can then be cross-referenced with cone crop production during proximate years to examine the influence of pollen production on cone production at the study site. Because this pollen study was limited to the Escambia Experimental Forest in southern Alabama, inferences concerning the influence of these pollen data on longleaf pine cone production at other locations across the southern region are very likely inappropriate.

The pollen study took place from 1957-2013. Unfortunately, the study ended after the data collection in 2013 because the two forestry technician positions, previously stationed at the Escambia EF, were transferred to Auburn, AL. As a result, there was no research-support staff available to conduct field work on a daily basis.

Pollen data are provided in \Data\Pollen_Record_at_EscambiaEF_1957-2013.csv.

For additional details, see the 1968 study plan included in this data package.
		</methdesc>
        <methtype>Field</methtype>
      </method>
      <procstep>
        <procdesc>CALCULATING ANNUAL CONE PRODUCTION AT SITE AND REGIONAL LEVEL
				
Annual cone production for each location was calculated as the average cone count for all trees multiplied by 2 because the cone count is performed by looking at only one side of the tree, thus the raw count for green cones needs to be doubled. (NOTE: To Dale’s knowledge, there is no citation for this practice. Bill derived this relationship of 1.98 by counting green cones and then cross-referencing them with brown cones found on trees and on the ground during subsequent years.)

Southern Region cone production for each year was calculated as the average of the annual cone productions for the following 11 locations: Kisatchie National Forest, Escambia Experimental Forest, Blackwater River State Forest, Eglin Air Force Base, Apalachicola National Forest, Jones Research Center, Tall Timbers Research Station, Fort Moore Military Base, Sand Hills State Forest, Bladen Lakes State Forest, and Ordway-Swisher Biological Station. The regional average was computed as the mean of these sites, weighted equally. In the beginning, there were fewer sites and, later, there were more sites used to calculate the overall regional average. Note that this monitoring effort was not originally conceived as a grand-scale investigation, with a comprehensive study design, intended to address numerous insightful hypotheses. Rather, this was a local study of reproductive biology that eventually developed into a larger-scale monitoring effort to track the production of longleaf pine cones and provide information about the status of the upcoming cone crop to forest managers and tree nurserymen within the Southern Region. (NOTE: For some reason, the calculation for the 'Southern Region' averages appears to be different for 1990 and 1966-1974, whereas the rest are averages of all 11 locations. These calculations were done by Bill at the time of collection, and left as is.)

Regional cone production data are provided in \Data\LLP_Regional_Summary_ConeProd_1958-2024.csv and \Data\LLP_Regional_Summary_ConeProd_Quality_1958-2024.csv.
</procdesc>
        <procdate>Unknown</procdate>
      </procstep>
      <procstep>
        <procdesc>DATA SHARING

In earlier times, this report was shared with a modest number of constituent groups and individuals in the Southern Region. However, as interest in longleaf pine seed production began to expand, an increasing number of forest managers, nursery owners, and researchers requested that they be added to the electronic mailing list, so that several hundred individuals currently look forward to receiving this report each June. This annual report provides these constituents with information that helps them plan their management activities. If a good cone crop is forecast for the current year, then sight-preparation activities (such as prescribed fire) are undertaken by landowners and managers, hoping to benefit from seed fall during later months. During years of good seed crops, nurserymen seek out stands of longleaf pine from which they can collect cones and then use that seed to produce longleaf pine seedlings that they can then offer for sale to interested landowners and managers. 

So, from its early beginnings, this longleaf pine cone production study has grown into a broad-scale regionwide monitoring effort through which useful science is delivered to our constituents, in an effort to assist them with their land management decisions and alert them to commercial opportunities. Although this archive submission is dated 2024, this long-term, largescale study effort will continue well into the future, providing helpful information about longleaf pine cone production to those in the public and private sectors. 
</procdesc>
        <procdate>Unknown</procdate>
      </procstep>
    </lineage>
  </dataqual>
  <eainfo>
    <overview>
      <eaover>Below you will find a list and description of the files included in this data publication.

VARIABLE DESCRIPTION FILE (1) 

1. \Data\_variable_descriptions.csv: Comma-separated values (CSV) file containing a list and description of variables found in all data files. (A description of these variables is also provided in the metadata below.)

Columns include:

Filename = name of data file

Variable = name of variable

Units = units (if applicable)	

Precision = precision (if applicable)

Description = description of variable



DATA FILES (7)


1. \Data\LLP_Cone_Crop_Monitoring_Site_Locations.csv: CSV file containing location and cooperating partner information for each longleaf pine cone crop monitoring site. (Eight of these sites are visited each year and locations are known. The other 3 locations are approximates provided by the cooperating partner.)

Variables include:

State = state where site is located (AL = Alabama, FL = Florida, GA = Georgia, LA = Louisiana, NC = North Carolina, SC = South Carolina)

County (Parish in LA) = county where site is located (e.g., Okaloosa County)

Site of the Cooperating Partner = site may be designated by the name of cooperating partner (e.g., Eglin Air Force Base)

Stand = name and description of the stand where field data were collected (e.g., Shelterwood #2, South of Rattlesnake Road)

Latitude-North = latitude (decimal degrees) [precision = 0.000001]

Longitude-West = longitude (decimal degrees) [precision = 0.000001]

Notes = additional important notes (e.g., accuracy of longitude/latitude)



2. \Data\LLP_DBH_by_Tree-Site-Year_1989-2024.csv: CSV file containing diameter at breast height measurements of individual longleaf pine trees measured annually by site and year.

Variables include:

Site = name of forest or location where data were collected; stand name may also be included when multiple stands on same site

Tree # = tree ID unique within each site

[YYYY] = diameter at breast height of each sampled LLP tree during spring of each year (where year [YYYY] = 2024 to 1989) ('dead' used to denote tree is dead; blank indicates no sampling occured) [precision = 0.1]



3. \Data\LLP_Green_Cone_Count_by_Tree-Site-Year_1989-2024.csv: CSV file containing the green cone production measured annually for individual longleaf pine trees by site and year.

Variables include:

Site = name of forest or location where data were collected; stand name may also be included when multiple stands on same site

Tree # = tree ID unique within each site

[YYYY] = number of green cones on each sampled LLP tree during spring of each year (where year [YYYY] = 2024 to 1989) ('dead' used to denote tree is dead; blank indicates no sampling occured)



4. \Data\LLP_Regional_Summary_ConeProd_1958-2024.csv: CSV file containing a summary table providing mean cone production per longleaf pine tree forecasted for the fall (October), based on counts of green cones during the spring of each year, for each land owner/region and year.

Variables include:

Year = year of sampling (ranges from 1958 to 2024)

[SITE] = average number of cones per LLP tree forecasted for fall (October) with estimates based on green cone counts during spring (April to June) of each year (where [SITE] is the name of forest or location where data were collected - see \Data\LLP_Cone_Crop_Monitoring_Site_Locations.csv). CAUTION: The calculation for the 'Southern Region' represent the average of all 11 sampled sites from 1975-present, except for 1990. Unfortunately we do not know why the averages for 1990 and 1966-1974 are not averages of all 11 locations – but left as provided by original author Bill.) [precision = 0.1]



5. \Data\LLP_Regional_Summary_ConeProd_Quality_1958-2024.csv: CSV file containing mean cone production per longleaf pine tree forecasted for the fall (October) based on counts of green cones during the spring of each year, for each land owner/region and year as well as the information regarding the quality of the next year's cone crop. (This file contains the same data provided in LLP_Regional_Summary_CondProd_Quality_Graphs_1958-2024.xlsx, but in a different format.)

Variables include:

Site = name of forest or location where data were collected; stand name may also be included when multiple stands on same site

Year = year of sampling (ranges from 1958 to 2024)

Cone Production = average number of cones per LLP tree forecasted for fall (October) with estimates based on green cone counts during spring (April to June)

Failed Crop = was this a Failed cone crop year = less than 10 cones per tree? (1 = yes, blank = no)

Poor Crop = was this a Poor cone crop year = 10 to 24 cones per tree? (1 = yes, blank = no)

Fair Crop = was this a Fair cone crop = 25 to 49 cones per tree? (1 = yes, blank = no)

Good Crop = was this a Good cone crop year = 50 to 99 cones per tree? (1 = yes, blank = no)

Bumper Crop = was this a Bumper cone crop year = 100 or more cones per tree? (1 = yes, blank = no)

Notes = notes regarding sampling location or other important information



6. \Data\LLP_Regional_Summary_ConeProd_Quality_Graphs_1958-2024.xlsx: Microsoft Excel Open XML spreadsheet (XLSX) file containing mean cone production per longleaf pine tree forecasted for the fall (October) based on counts of green cones during the spring of each year, for each land owner/region and year as well as the information regarding the quality of the next year's cone crop. Data are provided in separate worksheets for each owner/region which also includes a graph displaying cone counts over time and summary quality counts. (This file contains the same data provided in LLP_Regional_Summary_CondProd_Quality_1958-2024.csv, but in a different format.)

For each worksheet (one for each land owner/region), variables include:

Year = year of sampling (ranges from 1958 to 2024)

Cone Production = average number of cones per LLP tree forecasted for fall (October) with estimates based on green cone counts during spring (April to June)

Failed Crop = was this a Failed cone crop year = less than 10 cones per tree? (1 = yes, blank = no)

Poor Crop = was this a Poor cone crop year = 10 to 24 cones per tree? (1 = yes, blank = no)

Fair Crop = was this a Fair cone crop = 25 to 49 cones per tree? (1 = yes, blank = no)

Good Crop = was this a Good cone crop year = 50 to 99 cones per tree? (1 = yes, blank = no)

Bumper Crop = was this a Bumper cone crop year = 100 or more cones per tree? (1 = yes, blank = no)

Notes = notes regarding sampling location or other important information



7. \Data\Pollen_Record_at_EscambiaEF_1957-2013.csv: CSV file containing estimated pollen grain counts from longleaf pine trees by year, measured at Escambia Experimental Forest (study ended in 2013).

Variables include:

Site = name of forest or location where data were collected

Year = year sampled (ranges from 1957 to 2013); pollen study was terminated after data collection in 2013

Grains per cm2 = total pollen count per square centimeter, estimated from metal microscope slides with sticky tape afixed to them placed into a pollen trap, summing ten 100x microscope fields (square centimeters [cm²]) [precision = 10]

Days after 1-Jan = number of days after January 1 that sampling occurred

Peak Shedding Date = day of the year estimated to have the highest pollen counts

Days for 80% Shed = number of days required for 80% of the total LLP pollen to become shed

Quality of the Next Year Cone Crop = information about the quality of next year's cone crop, where:
Bumper crop = 100 or more cones per tree
Good crop = 50 to 99 cones per tree
Fair crop = 25 to 49 cones per tree
Poor crop = 10 to 24 cones per tree
Failed crop = less than 10 cones per tree

Pollen Shed = magnitude of pollen shed (High pollen shed = 20,000 or more grains per cm²; Good pollen shed = 10,000 to 19,999 grains per cm²; Modest pollen shed = 5,000 to 9,999 grains per cm²; Low pollen shed = less than 5,000 grains per cm²)



SUPPLEMENTAL FILES (14)

1. \Supplements\1964_LLPSeedProdStudy_StudyPlan.pdf: Portable Document Format (PDF) file containing the scanned study plan, approved in 1964, that describes the original Escambia Experimental Forest longleaf pine cone and reproduction study site and methods.

2. \Supplements\1967_LLPSeedProdStudy_EstabReport.pdf: PDF file containing a scanned addendum to the 1967 study plan, which describes changes to two of the ten study plots in the Escambia Experimental Forest because of a tornado.

3. \Supplements\1968_LLPSeedProdStudy_SuppStudyPlan.pdf: PDF file containing a scanned study plan, approved in 1968, that describes supplementing the original study plan pollen data collection and weather information.

4. \Supplements\1987_Croker_History_of_Man_and_Forest.pdf: PDF file containing a scanned hardcopy report titled "Longleaf Pine: A History of Man and a Forest"

5. \Supplements\2023_Annual_Report_LongleafPine_ConeProd.pdf: PDF file containing an annual report for 2023 describing study results for the Southern Region. This file also includes detailed information about the cone counting method and a blank field sheet for those wanting to collect the same data.

6. \Supplements\2024_Annual_Report_LongleafPine_ConeProd.pdf: PDF file containing an annual report for 2024 describing study results for the Southern Region. This file also includes detailed information about the cone counting method and a blank field sheet for those wanting to collect the same data.

7. \Supplements\Images\2012_Apalachicola_NF_Florida.jpg: Joint Photograph Experts Group (JPEG) file containing a photo of the Apalachicola National Forest research site.

8. \Supplements\Images\2012_Cone_data_collection_DrBrockway1.jpg: JPEG file containing a photo of Dr. Dale Brockway collecting cone data.

9. \Supplements\Images\2012_Cone_data_collection_DrBrockway2.jpg: JPEG file containing a photo of Dr. Dale Brockway collecting cone data.

10. \Supplements\Images\2012_JWJonesERC_Georgia_TurkeyWoods1.jpg: JPEG file containing photo 1 of the J.W. Jones Ecological Research Center in Georgia - Turkey Woods research site.

11. \Supplements\Images\2012_JWJonesERC_Georgia_TurkeyWoods2.jpg: JPEG file containing photo 2 of the J.W. Jones Ecological Research Center in Georgia - Turkey Woods research site.

12. \Supplements\Images\2012_JWJonesERC_Georgia_TurkeyWoods3.jpg: JPEG file containing photo 3 of the J.W. Jones Ecological Research Center in Georgia - Turkey Woods research site.

13. \Supplements\Images\2015_Bladen_Lakes_State_Forest_NorthCarolina.jpg: JPEG file containing a photo of the Bladen Lake State Forest research site in North Carolina.

14. \Supplements\Images\2015_Sandhills_State_Forest_SouthCarolina.jpg: JPEG file containing a photo of the Sandhills State Forest research site in South Carolina.
</eaover>
      <eadetcit>see documents provided in \Supplements</eadetcit>
    </overview>
  </eainfo>
  <distinfo>
    <distrib>
      <cntinfo>
        <cntorgp>
          <cntorg>USDA Forest Service, Research and Development</cntorg>
        </cntorgp>
        <cntaddr>
          <addrtype>mailing and physical</addrtype>
          <address>240 West Prospect Road</address>
          <city>Fort Collins</city>
          <state>CO</state>
          <postal>80526</postal>
          <country>USA</country>
        </cntaddr>
        <cntvoice>see Contact Instructions</cntvoice>
        <cntpos>Research Data Archivist</cntpos>
        <cntinst>This contact information was current as of June 2024. For current information see Contact Us page on: https://doi.org/10.2737/RDS.</cntinst>
      </cntinfo>
    </distrib>
    <resdesc>RDS-2024-0040</resdesc>
    <distliab>Metadata documents have been reviewed for accuracy and completeness. Unless otherwise stated, all data and related materials are considered to satisfy the quality standards relative to the purpose for which the data were collected. However, neither the author, the Archive, nor any part of the federal government can assure the reliability or suitability of these data for a particular purpose. The act of distribution shall not constitute any such warranty, and no responsibility is assumed for a user's application of these data or related materials.

The metadata, data, or related materials may be updated without notification. If a user believes errors are present in the metadata, data or related materials, please use the information in (1) Identification Information: Point of Contact, (2) Metadata Reference: Metadata Contact, or (3) Distribution Information: Distributor to notify the author or the Archive of the issues.</distliab>
    <stdorder>
      <digform>
        <digtinfo>
          <formname>CSV</formname>
          <formvern>see Format Specification</formvern>
          <formspec>Comma-separated values file</formspec>
        </digtinfo>
        <digtopt>
          <onlinopt>
            <computer>
              <networka>
                <networkr>https://doi.org/10.2737/RDS-2024-0040</networkr>
              </networka>
            </computer>
          </onlinopt>
        </digtopt>
      </digform>
      <digform>
        <digtinfo>
          <formname>XLXS</formname>
          <formvern>see Format Specification</formvern>
          <formspec>Microsoft Excel Open XML spreadsheet file</formspec>
        </digtinfo>
        <digtopt>
          <onlinopt>
            <computer>
              <networka>
                <networkr>https://doi.org/10.2737/RDS-2024-0040</networkr>
              </networka>
            </computer>
          </onlinopt>
        </digtopt>
      </digform>
      <digform>
        <digtinfo>
          <formname>PDF</formname>
          <formvern>see Format Specification</formvern>
          <formspec>Portable Document Format file</formspec>
        </digtinfo>
        <digtopt>
          <onlinopt>
            <computer>
              <networka>
                <networkr>https://doi.org/10.2737/RDS-2024-0040</networkr>
              </networka>
            </computer>
          </onlinopt>
        </digtopt>
      </digform>
      <digform>
        <digtinfo>
          <formname>JPEG</formname>
          <formvern>see Format Specification</formvern>
          <formspec>Joint Photographic Experts Group image file</formspec>
        </digtinfo>
        <digtopt>
          <onlinopt>
            <computer>
              <networka>
                <networkr>https://doi.org/10.2737/RDS-2024-0040</networkr>
              </networka>
            </computer>
          </onlinopt>
        </digtopt>
      </digform>
      <fees>None</fees>
    </stdorder>
  </distinfo>
  <metainfo>
    <metd>20240614</metd>
    <metc>
      <cntinfo>
        <cntperp>
          <cntper>John L. Willis</cntper>
          <cntorg>USDA Forest Service, Southern Research Station</cntorg>
        </cntperp>
        <cntaddr>
          <addrtype>mailing and physical</addrtype>
          <address>Forestry Sciences Laboratory, 521 Devall Drive</address>
          <city>Auburn</city>
          <state>AL</state>
          <postal>36849</postal>
          <country>USA</country>
        </cntaddr>
        <cntvoice>334-826-8700 ext. 133</cntvoice>
        <cntpos>Research Forester</cntpos>
        <cntemail>john.willis@usda.gov</cntemail>
        <cntinst>This contact information was current as of original publication date. For current information see Contact Us page on: https://doi.org/10.2737/RDS.</cntinst>
      </cntinfo>
    </metc>
    <metstdn>FGDC Biological Data Profile of the Content Standard for Digital Geospatial Metadata</metstdn>
    <metstdv>FGDC-STD-001.1-1999</metstdv>
  </metainfo>
</metadata>