﻿Site,Tree #,2024,2023,2022,2021,2020,2019,2018,2017,2016,2015,2014,2013,2012,2011,2010,2009,2008,2007,2006,2005,2004,2003,2002,2001,2000,1999,1998,1997,1996,1995,1994,1993,1992,1991,1990,1989
FL - Apalachicola National Forest - Compartment #222 East of highway US-319 at Munson Slough,1,16.7,16.7,16.7,16.7,,16.5,17.4,17.4,,,,,,,,,,,,,,,15.3,,,15.2,14.8,14.8,14.9,,,,,,,
FL - Apalachicola National Forest - Compartment #222 East of highway US-319 at Munson Slough,2,13.9,16.9,17.0,17.0,,16.7,17.2,17.2,,,,,,,,,,,,,,,15.4,,,15.0,15.0,13.8,15.0,,,,,,,
FL - Apalachicola National Forest - Compartment #222 East of highway US-319 at Munson Slough,3,15.5,15.5,15.4,15.5,,15.3,15.3,15.3,,,,,,,,,,,,,,,14.3,,,14.0,13.8,13.3,15.6,,,,,,,
FL - Apalachicola National Forest - Compartment #222 East of highway US-319 at Munson Slough,4,12.4,missing,12.5,12.5,,12.5,12.6,12.6,,,,,,,,,,,,,,,11.7,,,11.5,14.9,13.6,11.3,,,,,,,
FL - Apalachicola National Forest - Compartment #222 East of highway US-319 at Munson Slough,5,15.1,15.1,15.2,15.0,,14.9,15.2,15.2,,,,,,,,,,,,,,,13.3,,,13.2,13.4,13.2,15.8,,,,,,,
FL - Apalachicola National Forest - Compartment #222 East of highway US-319 at Munson Slough,6,15.4,16.4,15.2,15.2,,15.3,15.3,15.3,,,,,,,,,,,,,,,13.9,,,13.6,14.4,14.7,12.1,,,,,,,
FL - Apalachicola National Forest - Compartment #222 East of highway US-319 at Munson Slough,7,15.4,15.4,15.4,15.3,,15.2,15.3,15.3,,,,,,,,,,,,,,,14.4,,,14.3,14.1,,13.1,,,,,,,
FL - Apalachicola National Forest - Compartment #222 East of highway US-319 at Munson Slough,8,15.9,15.9,15.9,16.0,,15.8,16.0,16.0,,,,,,,,,,,,,,,13.6,,,13.5,16.5,,13.3,,,,,,,
FL - Apalachicola National Forest - Compartment #222 East of highway US-319 at Munson Slough,9,16.3,16.3,16.3,16.4,,16.5,15.4,15.4,,,,,,,,,,,,,,,14.9,,,14.6,12.9,,14.2,,,,,,,
FL - Apalachicola National Forest - Compartment #222 East of highway US-319 at Munson Slough,10,17.0,17.0,17.0,16.9,,16.9,17.0,17.0,,,,,,,,,,,,,,,16.0,,,15.6,,,14.4,,,,,,,
FL - Apalachicola National Forest - Compartment #222 East of highway US-319 at Munson Slough,11,,,,,,,,,,,,,,,,,,,,,,,,,,,,,13.7,,,,,,,
FL - Apalachicola National Forest - Compartment #222 East of highway US-319 at Munson Slough,12,,,,,,,,,,,,,,,,,,,,,,,,,,,,,12.6,,,,,,,
FL - Apalachicola National Forest - Compartment #222 East of highway US-319 at Munson Slough,13,,,,,,,,,,,,,,,,,,,,,,,,,,,,,,,,,,,,
FL - Blackwater River State Forest - West of Old Martin Road and Northeast of CART Study,1,17.9,17.9,17.9,17.7,,17.3,,,,,,,,,16.5,,16.0,15.9,15.3,14.5,,,,,,,,,,,,,,,,
FL - Blackwater River State Forest - West of Old Martin Road and Northeast of CART Study,2,20.9,21.9,20.7,20.6,,20.0,,,,,,,,,18.8,,18.6,18.6,16.9,15.2,,,,,,,,,,,,,,,,
FL - Blackwater River State Forest - West of Old Martin Road and Northeast of CART Study,3,18.1,18.1,18.0,17.8,,17.7,,,,,,,,,17.2,,17.0,17.1,16.0,15.2,,,,,,,,,,,,,,,,
FL - Blackwater River State Forest - West of Old Martin Road and Northeast of CART Study,4,18.3,19.1,18.0,17.9,,17.7,,,,,,,,,16.4,,16.1,16.0,18.1,17.8,,,,,,,,,,,,,,,,
FL - Blackwater River State Forest - West of Old Martin Road and Northeast of CART Study,5,15.7,15.7,15.7,15.6,,15.4,,,,,,,,,14.3,,14.3,14.0,16.4,16.4,,,,,,,,,,,,,,,,
FL - Blackwater River State Forest - West of Old Martin Road and Northeast of CART Study,6,18.1,18.1,18.1,17.9,,17.9,,,,,,,,,17.2,,17.2,17.1,16.5,14.7,,,,,,,,,,,,,,,,
FL - Blackwater River State Forest - West of Old Martin Road and Northeast of CART Study,7,18.4,18.3,18.3,18.3,,18.1,,,,,,,,,17.5,,17.4,17.3,15.9,15.2,,,,,,,,,,,,,,,,
FL - Blackwater River State Forest - West of Old Martin Road and Northeast of CART Study,8,18.0,17.9,18.0,17.6,,17.7,,,,,,,,,17.0,,16.9,16.8,19.5,19.2,,,,,,,,,,,,,,,,
FL - Blackwater River State Forest - West of Old Martin Road and Northeast of CART Study,9,18.1,18.1,18.1,18.0,,17.7,,,,,,,,,16.4,,16.2,16.0,,16.7,,,,,,,,,,,,,,,,
FL - Blackwater River State Forest - West of Old Martin Road and Northeast of CART Study,10,19.0,18.9,18.9,19.0,,18.7,,,,,,,,,17.6,,17.2,17.3,,19.3,,,,,,,,,,,,,,,,
NC - Bladen Lakes State Forest - along Johnsontown Road on Northside,1,dead,dead,dead,dead,,dead,dead,dead,dead,dead,dead,dead,dead,dead,dead,,dead,dead,,,,,,,,14.7,,,,,,,,,,
NC - Bladen Lakes State Forest - along Johnsontown Road on Northside,2,16.8,16.2,16.1,15.9,,15.9,,,,,,,,,,,15.3,,,15.2,,14.3,14.8,14.6,,14.4,,,,,,,,,,
NC - Bladen Lakes State Forest - along Johnsontown Road on Northside,3,13.6,13.8,13.7,13.6,,13.5,,,,,,,,,,,12.7,,,12.3,,12.1,12.0,11.9,,11.7,,,,,,,,,,
NC - Bladen Lakes State Forest - along Johnsontown Road on Northside,4,14.4,14.9,14.3,14.3,,14.3,,,,,,,,,,,13.3,,,12.9,,12.8,12.7,12.7,,12.4,,,,,,,,,,
NC - Bladen Lakes State Forest - along Johnsontown Road on Northside,5,17.2,17.0,17.1,17.0,,16.9,,,,,,,,,,,15.6,,,15.3,,14.7,14.6,14.3,,13.8,,,,,,,,,,
NC - Bladen Lakes State Forest - along Johnsontown Road on Northside,6,16.3,15.9,15.9,16.0,,missing,,,,,,,,,,,14.6,,,14.4,,14.0,14.0,13.6,,13.2,,,,,,,,,,
NC - Bladen Lakes State Forest - along Johnsontown Road on Northside,7,16.0,16.1,16.1,16.0,,15.9,,,,,,,,,,,15.1,,,14.9,,14.5,14.5,14.4,,14.2,,,,,,,,,,
NC - Bladen Lakes State Forest - along Johnsontown Road on Northside,8,17.8,17.8,17.8,17.6,,17.6,,,,,,,,,,,16.1,,,15.7,,15.2,15.1,14.9,,14.2,,,,,,,,,,
NC - Bladen Lakes State Forest - along Johnsontown Road on Northside,9,16.3,15.3,15.2,15.2,,15.1,,,,,,,,,,,14.5,,,14.2,,13.9,14.0,13.8,,13.7,,,,,,,,,,
NC - Bladen Lakes State Forest - along Johnsontown Road on Northside,10,dead,dead,dead,dead,,dead,dead,dead,dead,dead,dead,dead,dead,dead,dead,,dead,dead,,dead,,dead,dead,dead,dead,dead,,,,,,,,,,
NC - Bladen Lakes State Forest - along Johnsontown Road on Northside,11,14.6,14.9,15.0,14.8,,14.8,,,,,,,,,,,14.4,,,14.2,,14.0,14.1,14.0,,13.7,,,,,,,,,,
NC - Bladen Lakes State Forest - along Johnsontown Road on Northside,12,17.2,17.3,17.2,17.0,,16.9,,,,,,,,,,,16.1,,,15.7,,15.4,15.4,15.4,,15.0,,,,,,,,,,
NC - Bladen Lakes State Forest - along Johnsontown Road on Northside,13,19.5,19.4,19.3,19.3,,19.2,,,,,,,,,,,17.8,,,17.2,,16.9,16.9,16.5,,16.2,,,,,,,,,,
NC - Bladen Lakes State Forest - along Johnsontown Road on Northside,14,15.4,15.6,15.6,15.4,,15.3,,,,,,,,,,,14.5,,,14.1,,13.8,13.7,13.6,,13.5,,,,,,,,,,
NC - Bladen Lakes State Forest - along Johnsontown Road on Northside,15,15.2,15.2,15.1,15.1,,15.0,,,,,,,,,,,14.4,,,14.2,,14.0,14.0,13.9,,13.7,,,,,,,,,,
NC - Bladen Lakes State Forest - along Johnsontown Road on Northside,16,17.2,17.1,17.0,17.1,,17.1,,,,,,,,,,,15.7,,,15.5,,15.1,15.1,14.9,,14.6,,,,,,,,,,
NC - Bladen Lakes State Forest - along Johnsontown Road on Northside,17,16.9,16.8,17.0,16.8,,16.7,,,,,,,,,,,16.2,,,15.9,,15.6,15.5,15.3,15.5,,,,,,,,,,,
"FL - Eglin Air Force Base - ""Shelterwood #2"" West of Road 608 and South of Rattlesnake Road",1,15.7,15.7,15.9,15.8,,15.8,,,,,17.6,,,,17.3,,15.4,,,14.9,,14.8,14.7,14.7,14.6,14.6,,16.3,16.5,15.5,,,,,,
"FL - Eglin Air Force Base - ""Shelterwood #2"" West of Road 608 and South of Rattlesnake Road",2,16.5,16.6,16.6,16.5,,16.9,,,,,15.6,,,,15.2,,16.7,,,16.1,,16.0,15.9,15.7,15.7,15.7,,19.2,16.4,16.7,,,,,,
"FL - Eglin Air Force Base - ""Shelterwood #2"" West of Road 608 and South of Rattlesnake Road",3,14.3,18.7,18.8,18.8,,18.4,,,,,19.6,,,,18.8,,18.1,,,17.7,,17.7,17.5,17.4,17.5,17.3,,18.2,19.0,17.9,,,,,,
"FL - Eglin Air Force Base - ""Shelterwood #2"" West of Road 608 and South of Rattlesnake Road",4,17.0,17.0,17.1,17.1,,16.9,,,,,16.7,,,,16.1,,15.8,,,15.3,,15.2,13.3,15.1,15.1,15.0,,14.1,18.2,16.1,,,,,,
"FL - Eglin Air Force Base - ""Shelterwood #2"" West of Road 608 and South of Rattlesnake Road",5,15.2,15.4,15.0,15.0,,16.5,,,,,18.0,,,,17.5,,16.5,,,16.1,,12.6,15.6,15.7,15.7,15.5,,14.3,14.5,14.7,,,,,,
"FL - Eglin Air Force Base - ""Shelterwood #2"" West of Road 608 and South of Rattlesnake Road",6,15.2,15.1,15.2,15.0,,16.5,,,,,16.6,,,,16.1,,16.5,,,16.1,,16.1,16.1,15.9,16.0,16.0,,15.1,13.2,13.0,,,,,,
"FL - Eglin Air Force Base - ""Shelterwood #2"" West of Road 608 and South of Rattlesnake Road",7,17.4,17.1,17.3,17.5,,17.2,,,,,16.0,,,,15.8,,15.8,,,15.6,,15.2,15.2,15.1,15.0,15.1,,14.4,16.9,16.1,,,,,,
"FL - Eglin Air Force Base - ""Shelterwood #2"" West of Road 608 and South of Rattlesnake Road",8,16.4,16.4,16.2,16.2,,16.2,,,,,20.0,,,,20.0,,15.4,,,14.9,,14.7,14.7,14.5,14.6,14.7,,16.8,14.0,13.5,,,,,,
"FL - Eglin Air Force Base - ""Shelterwood #2"" West of Road 608 and South of Rattlesnake Road",9,15.0,14.9,14.9,14.9,,dead,dead,dead,dead,,22.7,,,,21.0,,16.4,,,16.2,,15.9,15.8,15.8,15.8,15.7,,13.1,15.5,14.8,,,,,,
"FL - Eglin Air Force Base - ""Shelterwood #2"" West of Road 608 and South of Rattlesnake Road",10,16.1,16.0,16.1,16.4,,16.2,,,,,19.2,,,,18.8,,16.1,,16.1,,,18.0,17.9,17.8,17.7,17.6,,16.4,14.2,14.6,,,,,,
FL - Eglin Air Force Base - New Sandhills Site along Westside of Florida Highway 85 between Mile Markers 19 and 20,1,14.9,14.5,14.7,15.0,,14.7,,,,,,,,,,,,,,,,,,,,,,,,,,,,,,
FL - Eglin Air Force Base - New Sandhills Site along Westside of Florida Highway 85 between Mile Markers 19 and 20,2,14.3,14.0,14.0,14.2,,14.3,,,,,,,,,,,,,,,,,,,,,,,,,,,,,,
FL - Eglin Air Force Base - New Sandhills Site along Westside of Florida Highway 85 between Mile Markers 19 and 20,3,12.9,12.8,12.9,12.0,,13.1,,,,,,,,,,,,,,,,,,,,,,,,,,,,,,
FL - Eglin Air Force Base - New Sandhills Site along Westside of Florida Highway 85 between Mile Markers 19 and 20,4,14.8,14.6,14.5,14.7,,14.4,,,,,,,,,,,,,,,,,,,,,,,,,,,,,,
FL - Eglin Air Force Base - New Sandhills Site along Westside of Florida Highway 85 between Mile Markers 19 and 20,5,15.8,15.9,16.1,15.9,,13.5,,,,,,,,,,,,,,,,,,,,,,,,,,,,,,
FL - Eglin Air Force Base - New Sandhills Site along Westside of Florida Highway 85 between Mile Markers 19 and 20,6,14.6,14.5,14.5,14.4,,14.4,,,,,,,,,,,,,,,,,,,,,,,,,,,,,,
FL - Eglin Air Force Base - New Sandhills Site along Westside of Florida Highway 85 between Mile Markers 19 and 20,7,14.2,15.0,13.5,13.9,,14.7,,,,,,,,,,,,,,,,,,,,,,,,,,,,,,
FL - Eglin Air Force Base - New Sandhills Site along Westside of Florida Highway 85 between Mile Markers 19 and 20,8,18.1,18.1,18.4,18.5,,18.4,,,,,,,,,,,,,,,,,,,,,,,,,,,,,,
FL - Eglin Air Force Base - New Sandhills Site along Westside of Florida Highway 85 between Mile Markers 19 and 20,9,15.4,15.4,15.2,15.2,,15.5,,,,,,,,,,,,,,,,,,,,,,,,,,,,,,
FL - Eglin Air Force Base - New Sandhills Site along Westside of Florida Highway 85 between Mile Markers 19 and 20,10,15.6,15.6,15.6,15.9,,missing,,,,,,,,,,,,,,,,,,,,,,,,,,,,,,
FL - Eglin Air Force Base - Old Sandhills #1,1,,,,,,,,,,,12.2,,,,11.8,,11.9,,,11.8,,11.8,11.6,11.8,11.7,11.7,11.7,12.0,15.1,12.8,,,,,,
FL - Eglin Air Force Base - Old Sandhills #1,2,,,,,,,,,,,12.0,,,,11.9,,11.7,,,11.5,,11.2,11.2,11.1,11.0,10.8,10.8,11.5,13.2,12.7,,,,,,
FL - Eglin Air Force Base - Old Sandhills #1,3,,,,,,,,,,,18.8,,,,18.4,,18.4,,,18.1,,17.8,17.7,17.9,17.8,17.5,17.5,10.4,12.1,12.0,,,,,,
FL - Eglin Air Force Base - Old Sandhills #1,4,,,,,,,,,,,12.8,,,,12.7,,12.7,,,12.4,,12.5,12.4,12.3,12.2,12.0,12.0,12.7,10.3,10.4,,,,,,
FL - Eglin Air Force Base - Old Sandhills #1,5,,,,,,,,,,,14.6,,,,14.1,,13.8,,,13.5,,13.1,13.0,13.2,13.0,12.6,12.5,14.0,13.5,13.7,,,,,,
FL - Eglin Air Force Base - Old Sandhills #1,6,,,,,,,,,,,15.5,,,,15.2,,15.2,,,15.0,,14.8,14.7,14.6,14.4,14.2,14.4,11.7,11.8,11.4,,,,,,
FL - Eglin Air Force Base - Old Sandhills #1,7,,,,,,,,,,,15.5,,,,15.2,,15.2,,,15.0,,15.3,15.3,15.2,15.1,14.7,15.1,12.0,13.9,12.5,,,,,,
FL - Eglin Air Force Base - Old Sandhills #1,8,,,,,,,,,,,14.4,,,,13.4,,14.1,13.2,,14.1,,14.2,14.5,14.2,14.2,14.2,13.9,17.4,11.1,11.4,,,,,,
FL - Eglin Air Force Base - Old Sandhills #1,9,,,,,,,,,,dead,dead,dead,,,13.7,,13.2,,,dead,,13.4,13.6,,14.2,14.3,,,14.2,12.9,,,,,,
FL - Eglin Air Force Base - Old Sandhills #1,10,,,,,,,,,,,12.4,,,,12.4,,,,,,,,,,,,,,11.7,11.6,,,,,,
FL - Eglin Air Force Base - Old Sandhills #1,11,,,,,,,,,,dead,dead,dead,dead,,12.0,,,,,,,,,,,,,,,,,,,,,
FL - Eglin Air Force Base - Old Sandhills #1,12,,,,,,,,,,,13.5,,,,,,,,,,,,,,,,,,,,,,,,,
FL - Eglin Air Force Base - Old Sandhills #2,1,,,,,,,,,,,10.8,,,,10.8,,11.2,,,10.8,,10.8,10.8,10.7,10.8,10.6,10.7,10.7,10.7,10.4,,,,,,
FL - Eglin Air Force Base - Old Sandhills #2,2,,,,,,,,,,,14.8,,,,14.6,,14.3,,,14.4,,14.4,14.1,14.1,14.0,13.9,14.0,10.6,10.7,9.6,,,,,,
FL - Eglin Air Force Base - Old Sandhills #2,3,,,,,,,,,,,12.2,,,,12.1,,12.1,,,10.5,,10.3,10.3,10.2,10.1,10.0,10.7,12.0,9.9,8.5,,,,,,
FL - Eglin Air Force Base - Old Sandhills #2,4,,,,,,,,,,,13.0,,,,12.9,,12.8,,,12.8,,12.7,12.6,12.7,12.6,12.4,12.5,9.8,12.5,10.7,,,,,,
FL - Eglin Air Force Base - Old Sandhills #2,5,,,,,,,,,,,9.8,,,,9.9,,9.9,9.8,,12.2,,12.1,12.1,12.1,12.0,12.0,12.0,13.8,12.5,11.5,,,,,,
FL - Eglin Air Force Base - Old Sandhills #2,6,,,,,,,,,,,10.6,,,,10.9,,10.7,,,10.9,,10.8,10.7,10.9,10.9,10.7,10.8,12.4,12.0,11.6,,,,,,
FL - Eglin Air Force Base - Old Sandhills #2,7,,,,,,,,,,,11.4,,,,11.4,,11.4,,,11.2,,11.3,11.2,11.3,11.1,11.0,11.1,10.9,10.6,16.6,,,,,,
FL - Eglin Air Force Base - Old Sandhills #2,8,,,,,,,,,,,16.6,,,,16.7,,15.7,,,16.4,,16.3,16.6,16.2,16.3,16.0,16.4,16.2,10.8,10.2,,,,,,
FL - Eglin Air Force Base - Old Sandhills #2,9,,,,,,,,,,,14.2,,,14.2,,,,,,,,,,,,,,,10.8,10.0,,,,,,
FL - Eglin Air Force Base - Old Sandhills #2,10,,,,,,,,,,,12.0,,,11.8,,,,,,,,,,,,,,,16.0,15.5,,,,,,
"FL - Eglin Air Force Base - ""Shelterwood #1"" East of Florida Highway 285 at Brown Pond",1,18.5,18.2,18.4,18.3,,18.2,,,,,15.5,,,,15.1,,17.1,,,,,16.7,16.3,16.2,16.3,16.1,16.0,13.5,13.6,14.3,,,,,,
"FL - Eglin Air Force Base - ""Shelterwood #1"" East of Florida Highway 285 at Brown Pond",2,16.8,16.1,16.2,17.2,,15.9,,,,,16.8,,,,16.6,,15.1,,,,,14.5,14.5,14.4,14.4,14.1,14.1,16.2,14.7,13.4,,,,,,
"FL - Eglin Air Force Base - ""Shelterwood #1"" East of Florida Highway 285 at Brown Pond",3,20.9,20.3,20.5,20.8,,20.2,,,,,18.5,,,,18.1,,18.3,,,,,17.8,17.6,17.5,17.5,17.5,17.2,17.2,14.3,17.1,,,,,,
"FL - Eglin Air Force Base - ""Shelterwood #1"" East of Florida Highway 285 at Brown Pond",4,15.5,15.3,15.4,15.8,,17.2,,,,,16.5,,,,15.9,,15.9,,,,,15.1,15.2,15.0,15.0,14.8,14.7,14.4,15.8,14.0,,,,,,
"FL - Eglin Air Force Base - ""Shelterwood #1"" East of Florida Highway 285 at Brown Pond",5,18.6,18.5,18.5,18.6,,15.4,,,,,16.5,,,,16.3,,17.4,,,,,16.6,16.3,16.2,16.2,15.8,15.5,15.0,18.0,15.8,,,,,,
"FL - Eglin Air Force Base - ""Shelterwood #1"" East of Florida Highway 285 at Brown Pond",6,17.8,16.9,17.3,17.4,,dead,,,,,16.5,,,,16.2,,15.7,,,,,17.3,17.0,16.2,17.5,17.1,17.0,14.3,13.4,15.2,,,,,,
"FL - Eglin Air Force Base - ""Shelterwood #1"" East of Florida Highway 285 at Brown Pond",7,15.8,17.3,17.4,17.5,,16.4,,,,,17.2,,,,16.2,,15.6,,,,,15.2,15.1,15.0,14.9,14.8,14.8,18.1,17.4,17.3,,,,,,
"FL - Eglin Air Force Base - ""Shelterwood #1"" East of Florida Highway 285 at Brown Pond",8,20.4,20.3,20.2,20.1,,20.4,,,,,16.0,,,,15.3,,19.2,,,,,18.8,19.1,19.0,18.8,18.5,18.3,14.9,16.3,14.7,,,,,,
"FL - Eglin Air Force Base - ""Shelterwood #1"" East of Florida Highway 285 at Brown Pond",9,22.3,22.3,22.6,22.6,,23.5,,,,,16.7,,,,16.4,,20.6,,,,,19.5,19.3,19.0,18.7,18.4,18.1,16.0,14.8,13.5,,,,,,
"FL - Eglin Air Force Base - ""Shelterwood #1"" East of Florida Highway 285 at Brown Pond",10,16.0,15.7,15.6,15.5,,dead,dead,dead,dead,,16.2,,,,16.0,,18.3,,,,,17.7,17.1,17.5,17.5,17.3,17.0,16.2,16.2,14.6,,,,,,
AL - T.R. Miller Woodlands - Escambia Experimental Forest Compartment 156 (the Farm Forty),1,20.6,20.6,20.7,20.4,,20.3,,,,,,,,,19.2,,19.0,,,18.7,,18.4,18.3,,,,,,,,,,,,,
AL - T.R. Miller Woodlands - Escambia Experimental Forest Compartment 156 (the Farm Forty),2,18.7,18.7,18.8,19.0,,18.7,,,,,,,,,17.9,,17.7,,,17.4,,17.3,17.1,,,,,,,,,,,,,
AL - T.R. Miller Woodlands - Escambia Experimental Forest Compartment 156 (the Farm Forty),3,17.2,17.1,17.0,17.2,,17.1,,,,,,,,,17.0,,16.8,,,17.0,,16.8,16.8,,,,,,,,,,,,,
AL - T.R. Miller Woodlands - Escambia Experimental Forest Compartment 156 (the Farm Forty),4,18.0,17.9,17.8,18.1,,18.0,,,,,,,,,17.6,,17.3,,,17.2,,17.1,17.1,,,,,,,,,,,,,
AL - T.R. Miller Woodlands - Escambia Experimental Forest Compartment 156 (the Farm Forty),5,20.8,20.7,20.7,21.0,,20.7,,,,,,,,,20.3,,20.1,,,19.9,,19.9,19.8,,,,,,,,,,,,,
AL - T.R. Miller Woodlands - Escambia Experimental Forest Compartment 156 (the Farm Forty),6,21.0,20.8,20.7,20.8,,20.4,,,,,,,,,19.1,,18.7,,,18.2,,19.6,19.4,,,,,,,,,,,,,
AL - T.R. Miller Woodlands - Escambia Experimental Forest Compartment 156 (the Farm Forty),7,17.0,17.7,16.5,16.6,,16.5,,,,,,,,,16.1,,16.1,,,16.0,,16.0,16.1,,,,,dead,dead,dead,dead,,,,,
AL - T.R. Miller Woodlands - Escambia Experimental Forest Compartment 156 (the Farm Forty),8,18.7,19.5,18.7,18.4,,18.1,,,,,,,,,16.0,,16.0,,,15.6,,15.4,15.3,,,,,,,,,,,,,
AL - T.R. Miller Woodlands - Escambia Experimental Forest Compartment 156 (the Farm Forty),9,21.0,20.7,20.8,20.8,,20.3,,,,,,,,,18.7,,18.3,,,17.8,,17.5,17.3,,,,,,,,,,,,,
AL - T.R. Miller Woodlands - Escambia Experimental Forest Compartment 156 (the Farm Forty),10,20.2,20.1,20.1,19.9,,19.8,,,,,,,,,19.2,,19.0,,,18.6,,18.3,18.2,,,,,,,,,,,,,
AL - T.R. Miller Woodlands - Escambia Experimental Forest Compartment 156 (the Farm Forty),11,,,,,,,,,,,,,,,,,,,,,,,,,,,,,,,,,,,,
AL - T.R. Miller Woodlands - Escambia Experimental Forest Compartment 156 (the Farm Forty),12,,,,,,,,,,,,,,,,,,,,,,,,,,,,,,,,,,,,
AL - T.R. Miller Woodlands - Escambia Experimental Forest Compartment 107 (South of Croker Pond),1,,,,,,17.3,,,,,,17.0,17.0,,,,,,,,,,,,,,,,,,,,,,,
AL - T.R. Miller Woodlands - Escambia Experimental Forest Compartment 107 (South of Croker Pond),2,,,,,,17.1,,,,,,16.5,16.5,,,,,,,,,,,,,,,,,,,,,,,
AL - T.R. Miller Woodlands - Escambia Experimental Forest Compartment 107 (South of Croker Pond),3,,,,,,17.1,,,,,,16.6,16.6,,,,,,,,,,,,,,,,,,,,,,,
AL - T.R. Miller Woodlands - Escambia Experimental Forest Compartment 107 (South of Croker Pond),4,,,,,,16.9,,,,,,16.3,16.3,,,,,,,,,,,,,,,,,,,,,,,
AL - T.R. Miller Woodlands - Escambia Experimental Forest Compartment 107 (South of Croker Pond),5,,,,,,15.0,,,,,,14.1,14.1,,,,,,,,,,,,,,,,,,,,,,,
AL - T.R. Miller Woodlands - Escambia Experimental Forest Compartment 107 (South of Croker Pond),6,,,,,,20.0,,,,,,19.5,19.5,,,,,,,,,,,,,,,,,,,,,,,
AL - T.R. Miller Woodlands - Escambia Experimental Forest Compartment 107 (South of Croker Pond),7,,,,,,17.8,,,,,,17.1,17.1,,,,,,,,,,,,,,,,,,,,,,,
AL - T.R. Miller Woodlands - Escambia Experimental Forest Compartment 107 (South of Croker Pond),8,,,,,,20.1,,,,,,19.5,19.5,,,,,,,,,,,,,,,,,,,,,,,
AL - T.R. Miller Woodlands - Escambia Experimental Forest Compartment 107 (South of Croker Pond),9,,,,,,17.6,,,,,,16.9,16.9,,,,,,,,,,,,,,,,,,,,,,,
AL - T.R. Miller Woodlands - Escambia Experimental Forest Compartment 107 (South of Croker Pond),10,,,,,,17.6,,,,,,16.8,16.8,,,,,,,,,,,,,,,,,,,,,,,
AL - T.R. Miller Woodlands - Escambia Experimental Forest Compartment 107 (South of Croker Pond),11,,,,,,dead,dead,dead,,,,14.3,14.3, ,,,,,,,,,,,,,,,,,,,,,,
AL - T.R. Miller Woodlands - Escambia Experimental Forest Compartment 107 (South of Croker Pond),12,,,,,,,,,,,,15.6,15.6,,,,,,,,,,,,,,,,,,,,,,,
AL - T.R. Miller Woodlands - Escambia Experimental Forest Compartment 113,1,,,,,,,,,,,,,,,18.6,,18.3,,18.1,,,,,,,,,,,,,,,,,
AL - T.R. Miller Woodlands - Escambia Experimental Forest Compartment 113,2,,,,,,,,,,,,,,,15.4,,15.3,,15.2,,,,,,,,,,,,,,,,,
AL - T.R. Miller Woodlands - Escambia Experimental Forest Compartment 113,3,,,,,,,,,,,,,,,17.1,,17.0,,16.8,,,,,,,,,,,,,,,,,
AL - T.R. Miller Woodlands - Escambia Experimental Forest Compartment 113,4,,,,,,,,,,,,,,,26.8,,26.6,,26.4,,,,,,,,,,,,,,,,,
AL - T.R. Miller Woodlands - Escambia Experimental Forest Compartment 113,5,,,,,,,,,,,,,,,17.5,,17.4,,17.4,,,,,,,,,,,,,,,,,
AL - T.R. Miller Woodlands - Escambia Experimental Forest Compartment 113,6,,,,,,,,,,,,,,,16.9,,16.6,,16.5,,,,,,,,,,,,,,,,,
AL - T.R. Miller Woodlands - Escambia Experimental Forest Compartment 113,7,,,,,,,,,,,,,,,20.8,,20.8,,20.5,,,,,,,,,,,,,,,,,
AL - T.R. Miller Woodlands - Escambia Experimental Forest Compartment 113,8,,,,,,,,,,,,,,,13.5,,13.4,,13.4,,,,,,,,,,,,,,,,,
AL - T.R. Miller Woodlands - Escambia Experimental Forest Compartment 113,9,,,,,,,,,,,,,,,17.5,,17.4,,17.1,,,,,,,,,,,,,,,,,
AL - T.R. Miller Woodlands - Escambia Experimental Forest Compartment 113,10,,,,,,,,,,,,,,,16.7,,17.0,,16.5,,,,,,,,,,,,,,,,,
AL - T.R. Miller Woodlands - Escambia Experimental Forest Compartment 71,1,,,,,,,,,,,,,,,20.7,,20.6,20.5,,16.7,,,,,,,,,,,,,,,,
AL - T.R. Miller Woodlands - Escambia Experimental Forest Compartment 71,2,,,,,,,,,,,,,,,15.3,,,,,,,15.3,14.4,15.2,15.0,15.0,,,,,,,,,,
AL - T.R. Miller Woodlands - Escambia Experimental Forest Compartment 71,3,,,,,,,,,,,,,,,14.7,,14.8,,,14.6,,14.5,15.2,14.4,14.4,14.3,,,,,,,,,,
AL - T.R. Miller Woodlands - Escambia Experimental Forest Compartment 71,4,,,,,,,,,,,,,,,,,,,,,,16.2,16.1,16.1,16.0,15.7,,,,,,,,,,
AL - T.R. Miller Woodlands - Escambia Experimental Forest Compartment 71,5,,,,,,,,,,,,,,,,,,,,,,18.1,18.1,18.1,18.0,17.8,,,,,,,,,,
AL - T.R. Miller Woodlands - Escambia Experimental Forest Compartment 71,6,,,,,,,,,,,,,,,,,,,,,,16.1,16.0,15.8,15.7,15.5,,,,,,,,,,
AL - T.R. Miller Woodlands - Escambia Experimental Forest Compartment 71,7,,,,,,,,,,,,,,,,,,,,,,20.1,20.0,19.8,19.2,19.8,,,,,,,,,,
AL - T.R. Miller Woodlands - Escambia Experimental Forest Compartment 71,8,,,,,,,,,,,,,,,16.5,,16.5,,,16.2,,16.1,16.1,16.0,16.0,15.9,,,,,,,,,,
AL - T.R. Miller Woodlands - Escambia Experimental Forest Compartment 71,9,,,,,,,,,,,,,,,16.6,,16.5,,,,,21.1,21.3,21.1,20.7,20.8,,,,,,,,,,
AL - T.R. Miller Woodlands - Escambia Experimental Forest Compartment 71,10,,,,,,,,,,,,,,,17.0,,17.0,,,16.5,,16.4,16.2,16.1,16.0,15.9,,,,,,,,,,
AL - T.R. Miller Woodlands - Escambia Experimental Forest Compartment 71,11,,,,,,,,,,,,,,,,,,,,,,18.5,18.4,18.2,18.2,17.9,,,,,,,,,,
AL - T.R. Miller Woodlands - Escambia Experimental Forest Compartment 71,12,,,,,,,,,,,,,,,,,,,,,,14.5,14.4,14.3,14.3,14.1,,,,,,,,,,
AL - T.R. Miller Woodlands - Escambia Experimental Forest Compartment 71,13,,,,,,,,,,,,,,,16.8,,16.8,,,,,,,,20.4,20.2,,,,,,,,,,
AL - T.R. Miller Woodlands - Escambia Experimental Forest Compartment 71,14,,,,,,,,,,,,,,,,,,,,,,,,,16.0,15.8,,,,,,,,,,
AL - T.R. Miller Woodlands - Escambia Experimental Forest Compartment 71,15,,,,,,,,,,,,,,,19.8,,19.6,,,19.2,,18.8,18.8,18.6,18.5,18.3,,,,,,,,,,
AL - T.R. Miller Woodlands - Escambia Experimental Forest Compartment 71,16,,,,,,,,,,,,,,,,,,,,,,18.4,18.3,18.2,18.3,17.9,,,,,,,,,,
AL - T.R. Miller Woodlands - Escambia Experimental Forest Compartment 71,17,,,,,,,,,,,,,,,,,,,,,,,,,19.7,19.6,,,,,,,,,,
AL - T.R. Miller Woodlands - Escambia Experimental Forest Compartment 71,18,,,,,,,,,,,,,,,,,,,,,,19.7,19.5,19.4,19.2,18.9,,,,,,,,,,
AL - T.R. Miller Woodlands - Escambia Experimental Forest Compartment 71,19,,,,,,,,,,,,,,,,,,,,17.5,,17.4,17.3,17.1,17.1,16.9,,,,,,,,,,
AL - T.R. Miller Woodlands - Escambia Experimental Forest Compartment 71,20,,,,,,,,,,,,,,,17.6,,17.4,,,16.9,,16.4,16.1,15.9,15.8,15.6,,,,,,,,,,
AL - T.R. Miller Woodlands - Escambia Experimental Forest Compartment 71,21,,,,,,,,,,,,,,,15.9,,15.8,,,15.6,,15.5,15.4,,,15.2,,,,,,,,,,
AL - T.R. Miller Woodlands - Escambia Experimental Forest Compartment 71,22,,,,,,,,,,,,,,,,,,,,,,,,,,,,,,,,,,,,
AL - T.R. Miller Woodlands - Escambia Experimental Forest Compartment 118,1,,,,,,,,,,,,,,,12.0,,11.2,,,,,,,,,,,,,,,,,,,
AL - T.R. Miller Woodlands - Escambia Experimental Forest Compartment 118,2,,,,,,,,,,,,,,,13.6,,13.4,,,,,,,,,,,,,,,,,,,
AL - T.R. Miller Woodlands - Escambia Experimental Forest Compartment 118,3,,,,,,,,,,,,,,,11.2,,11.2,,,,,,,,,,,,,,,,,,,
AL - T.R. Miller Woodlands - Escambia Experimental Forest Compartment 118,4,,,,,,,,,,,,,,,12.2,,12.1,,,,,,,,,,,,,,,,,,,
AL - T.R. Miller Woodlands - Escambia Experimental Forest Compartment 118,5,,,,,,,,,,,,,,,15.5,,15.2,,,,,,,,,,,,,,,,,,,
AL - T.R. Miller Woodlands - Escambia Experimental Forest Compartment 118,6,,,,,,,,,,,,,,,14.7,,14.5,,,,,,,,,,,,,,,,,,,
AL - T.R. Miller Woodlands - Escambia Experimental Forest Compartment 118,7,,,,,,,,,,,,12.4,12.4,,15.9,,15.7,,,,,,,,,,,,,,,,,,,
AL - T.R. Miller Woodlands - Escambia Experimental Forest Compartment 118,8,,,,,,,,,,,,,,,13.8,,13.5,,,,,,,,,,,,,,,,,,,
AL - T.R. Miller Woodlands - Escambia Experimental Forest Compartment 118,9,,,,,,,,,,,,,,,11.5,,9.7,,,,,,,,,,,,,,,,,,,
AL - T.R. Miller Woodlands - Escambia Experimental Forest Compartment 118,10,,,,,,,,,,,,,,,14.8,,12.2,,,,,,,,,,,,,,,,,,,
AL - T.R. Miller Woodlands - Escambia Experimental Forest Compartment 103,1,,,,,,,,,,,,,,,,,,,,13.3,,12.9,12.7,12.4,12.2,12.0,,11.5,,,,,,,,
AL - T.R. Miller Woodlands - Escambia Experimental Forest Compartment 103,2,,,,,,,,,,,,,,,,,,,,15.6,,15.0,14.7,14.5,14.2,13.9,,13.3,,,,,,,,
AL - T.R. Miller Woodlands - Escambia Experimental Forest Compartment 103,3,,,,,,,,,,,,,,,,,,,,,,15.6,15.4,15.3,15.2,15.1,,14.8,,,,,,,,
AL - T.R. Miller Woodlands - Escambia Experimental Forest Compartment 103,4,,,,,,,,,,,,,,,,,,,,17.5,,17.4,17.3,17.3,17.1,17.0,,16.9,,,,,,,,
AL - T.R. Miller Woodlands - Escambia Experimental Forest Compartment 103,5,,,,,,,,,,,,,,,,,,,,17.1,,16.8,16.6,16.5,16.5,16.5,,16.1,,,,,,,,
AL - T.R. Miller Woodlands - Escambia Experimental Forest Compartment 103,6,,,,,,,,,,,,,,,,,,,,,,20.3,20.2,20.1,20.0,20.0,,19.7,,,,,,,,
AL - T.R. Miller Woodlands - Escambia Experimental Forest Compartment 103,7,,,,,,,,,,,,,,,,,,,,18.0,,17.6,17.5,17.4,17.3,17.2,,17.1,,,,,,,,
AL - T.R. Miller Woodlands - Escambia Experimental Forest Compartment 103,8,,,,,,,,,,,,,,,,,,,,18.0,,15.7,15.7,15.6,15.5,15.4,,15.1,,,,,,,,
AL - T.R. Miller Woodlands - Escambia Experimental Forest Compartment 103,9,,,,,,,,,,,,,,,,,,,,,,16.0,15.9,15.8,15.7,15.6,,15.4,,,,,,,,
AL - T.R. Miller Woodlands - Escambia Experimental Forest Compartment 103,10,,,,,,,,,,,,,,,,,,,,12.4,,12.1,10.0,11.8,11.7,11.5,,11.1,,,,,,,,
AL - T.R. Miller Woodlands - Escambia Experimental Forest Compartment 103,11,,,,,,,,,,,,,,,,,,,,14.1,,13.9,13.6,13.4,13.2,13.0,,13.6,,,,,,,,
AL - T.R. Miller Woodlands - Escambia Experimental Forest Compartment 103,12,,,,,,,,,,,,,,,,,,,,,,13.6,13.6,13.5,13.4,13.4,,13.1,,,,,,,,
AL - T.R. Miller Woodlands - Escambia Experimental Forest Compartment 103,13,,,,,,,,,,,,,,,,,,,,13.3,,13.2,13.1,13.0,12.8,12.7,,12.5,,,,,,,,
AL - T.R. Miller Woodlands - Escambia Experimental Forest Compartment 103,14,,,,,,,,,,,,,,,,,,,,14.5,,14.2,14.1,14.1,13.9,13.8,,13.7,,,,,,,,
AL - T.R. Miller Woodlands - Escambia Experimental Forest Compartment 103,15,,,,,,,,,,,,,,,,,,,,15.0,,14.8,14.7,14.5,14.4,14.3,,14.2,,,,,,,,
AL - T.R. Miller Woodlands - Escambia Experimental Forest Compartment 103,16,,,,,,,,,,,,,,,,,,,,12.7,,12.5,12.4,12.3,12.2,12.2,,12.1,,,,,,,,
AL - T.R. Miller Woodlands - Escambia Experimental Forest Compartment 103,17,,,,,,,,,,,,,,,,,,,,,,17.2,17.0,17.0,16.8,16.6,,16.6,,,,,,,,
AL - T.R. Miller Woodlands - Escambia Experimental Forest Compartment 103,18,,,,,,,,,,,,,,,,,,,,18.6,,18.2,18.0,18.0,17.8,17.6,,17.4,,,,,,,,
AL - T.R. Miller Woodlands - Escambia Experimental Forest Compartment 103,19,,,,,,,,,,,,,,,,,,,,13.7,,13.2,13.0,12.9,12.7,12.5,,12.1,,,,,,,,
AL - T.R. Miller Woodlands - Escambia Experimental Forest Compartment 103,20,,,,,,,,,,,,,,,,,,,,,,20.7,20.6,20.8,20.7,20.8,,20.6,,,,,,,,
AL - T.R. Miller Woodlands - Escambia Experimental Forest Compartment 55,1,,,,,,,,,,,,,,,,,,,,,,,16.1,16.1,16.0,,,,,,,,,,,
AL - T.R. Miller Woodlands - Escambia Experimental Forest Compartment 55,2,,,,,,,,,,,,,,,,,,,,,,,16.7,16.7,16.7,,,,,,,,,,,
AL - T.R. Miller Woodlands - Escambia Experimental Forest Compartment 55,3,,,,,,,,,,,,,,,,,,,,,,,17.2,16.8,16.6,,,,,,,,,,,
AL - T.R. Miller Woodlands - Escambia Experimental Forest Compartment 55,4,,,,,,,,,,,,,,,,,,,,,,,17.1,17.1,17.2,,,,,,,,,,,
AL - T.R. Miller Woodlands - Escambia Experimental Forest Compartment 55,5,,,,,,,,,,,,,,,,,,,,,,,16.0,16.0,15.8,,,,,,,,,,,
AL - T.R. Miller Woodlands - Escambia Experimental Forest Compartment 55,6,,,,,,,,,,,,,,,,,,,,,,,16.2,16.1,16.2,,,,,,,,,,,
AL - T.R. Miller Woodlands - Escambia Experimental Forest Compartment 55,7,,,,,,,,,,,,,,,,,,,,,,,17.8,17.5,17.6,,,,,,,,,,,
AL - T.R. Miller Woodlands - Escambia Experimental Forest Compartment 55,8,,,,,,,,,,,,,,,,,,,,,,,16.7,16.5,16.6,,,,,,,,,,,
AL - T.R. Miller Woodlands - Escambia Experimental Forest Compartment 55,9,,,,,,,,,,,,,,,,,,,,,,,15.5,15.4,15.0,,,,,,,,,,,
AL - T.R. Miller Woodlands - Escambia Experimental Forest Compartment 55,10,,,,,,,,,,,,,,,,,,,,,,,19.4,19.2,19.2,,,,,,,,,,,
AL - T.R. Miller Woodlands - Escambia Experimental Forest Compartment 55,11,,,,,,,,,,,,,,,,,,,,,,,14.4,14.3,14.2,,,,,,,,,,,
AL - T.R. Miller Woodlands - Escambia Experimental Forest Compartment 55,12,,,,,,,,,,,,,,,,,,,,,,,14.1,14.0,13.8,,,,,,,,,,,
AL - T.R. Miller Woodlands - Escambia Experimental Forest Compartment 55,13,,,,,,,,,,,,,,,,,,,,,,,14.6,14.5,14.4,,,,,,,,,,,
AL - T.R. Miller Woodlands - Escambia Experimental Forest Compartment 55,14,,,,,,,,,,,,,,,,,,,,,,,14.5,14.5,14.5,,,,,,,,,,,
AL - T.R. Miller Woodlands - Escambia Experimental Forest Compartment 55,15,,,,,,,,,,,,,,,,,,,,,,,16.5,16.6,16.4,,,,,,,,,,,
AL - T.R. Miller Woodlands - Escambia Experimental Forest Compartment 55,16,,,,,,,,,,,,,,,,,,,,,,,16.2,16.0,15.8,,,,,,,,,,,
AL - T.R. Miller Woodlands - Escambia Experimental Forest Compartment 55,17,,,,,,,,,,,,,,,,,,,,,,,19.1,19.0,18.8,,,,,,,,,,,
AL - T.R. Miller Woodlands - Escambia Experimental Forest Compartment 55,18,,,,,,,,,,,,,,,,,,,,,,,15.7,15.7,15.6,,,,,,,,,,,
AL - T.R. Miller Woodlands - Escambia Experimental Forest Compartment 55,19,,,,,,,,,,,,,,,,,,,,,,,15.8,15.7,15.6,,,,,,,,,,,
AL - T.R. Miller Woodlands - Escambia Experimental Forest Compartment 55,20,,,,,,,,,,,,,,,,,,,,,,,14.7,14.7,14.6,,,,,,,,,,,
AL - T.R. Miller Woodlands - Escambia Experimental Forest Compartment 128,1,,,,,,,,,,,,,,,,,,,,,,,,,,,,,,,,,,,,
AL - T.R. Miller Woodlands - Escambia Experimental Forest Compartment 128,2,,,,,,,,,,,,,,,,,,,,,,,,,,,,,,,,,,,,
AL - T.R. Miller Woodlands - Escambia Experimental Forest Compartment 128,3,,,,,,,,,,,,,,,,,,,,,,,,,,,,,,,,,,,,
AL - T.R. Miller Woodlands - Escambia Experimental Forest Compartment 128,4,,,,,,,,,,,,,,,,,,,,,,,,,,,,,,,,,,,,
AL - T.R. Miller Woodlands - Escambia Experimental Forest Compartment 128,5,,,,,,,,,,,,,,,,,,,,,,,,,,,,,,,,,,,,
AL - T.R. Miller Woodlands - Escambia Experimental Forest Compartment 128,6,,,,,,,,,,,,,,,,,,,,,,,,,,,,,,,,,,,,
AL - T.R. Miller Woodlands - Escambia Experimental Forest Compartment 128,7,,,,,,,,,,,,,,,,,,,,,,,,,,,,,,,,,,,,
AL - T.R. Miller Woodlands - Escambia Experimental Forest Compartment 128,8,,,,,,,,,,,,,,,,,,,,,,,,,,,,,,,,,,,,
AL - T.R. Miller Woodlands - Escambia Experimental Forest Compartment 128,9,,,,,,,,,,,,,,,,,,,,,,,,,,,,,,,,,,,,
AL - T.R. Miller Woodlands - Escambia Experimental Forest Compartment 128,10,,,,,,,,,,,,,,,,,,,,,,,,,,,,,,,,,,,,
AL - T.R. Miller Woodlands - Escambia Experimental Forest Compartment 128,11,,,,,,,,,,,,,,,,,,,,,,,,,,,,,,,,,,,,
AL - T.R. Miller Woodlands - Escambia Experimental Forest Compartment 128,12,,,,,,,,,,,,,,,,,,,,,,,,,,,,,,,,,,,,
AL - T.R. Miller Woodlands - Escambia Experimental Forest Compartment 128,13,,,,,,,,,,,,,,,,,,,,,,,,,,,,,,,,,,,,
AL - T.R. Miller Woodlands - Escambia Experimental Forest Compartment 128,14,,,,,,,,,,,,,,,,,,,,,,,,,,,,,,,,,,,,
AL - T.R. Miller Woodlands - Escambia Experimental Forest Compartment 128,15,,,,,,,,,,,,,,,,,,,,,,,,,,,,,,,,,,,,
AL - T.R. Miller Woodlands - Escambia Experimental Forest Compartment 128,16,,,,,,,,,,,,,,,,,,,,,,,,,,,,,,,,,,,,
AL - T.R. Miller Woodlands - Escambia Experimental Forest Compartment 128,17,,,,,,,,,,,,,,,,,,,,,,,,,,,,,,,,,,,,
AL - T.R. Miller Woodlands - Escambia Experimental Forest Compartment 128,18,,,,,,,,,,,,,,,,,,,,,,,,,,,,,,,,,,,,
AL - T.R. Miller Woodlands - Escambia Experimental Forest Compartment 128,19,,,,,,,,,,,,,,,,,,,,,,,,,,,,,,,,,,,,
AL - T.R. Miller Woodlands - Escambia Experimental Forest Compartment 128,20,,,,,,,,,,,,,,,,,,,,,,,,,,,,,,,,,,,,
AL - T.R. Miller Woodlands - Escambia Experimental Forest Compartment 128,21,,,,,,,,,,,,,,,,,,,,,,,,,,,,,,,,,,,,
AL - T.R. Miller Woodlands - Escambia Experimental Forest Compartment 128,22,,,,,,,,,,,,,,,,,,,,,,,,,,,,,,,,,,,,
AL - T.R. Miller Woodlands - Escambia Experimental Forest Compartment 128,23,,,,,,,,,,,,,,,,,,,,,,,,,,,,,,,,,,,,
AL - T.R. Miller Woodlands - Escambia Experimental Forest Compartment 128,24,,,,,,,,,,,,,,,,,,,,,,,,,,,,,,,,,,,,
AL - T.R. Miller Woodlands - Escambia Experimental Forest Compartment 128,25,,,,,,,,,,,,,,,,,,,,,,,,,,,,,,,,,,,,
AL - T.R. Miller Woodlands - Escambia Experimental Forest Compartment 82,1,,,,,,,,,,,,,,,,,,,,,,,,,,,,,,,,,,,,
AL - T.R. Miller Woodlands - Escambia Experimental Forest Compartment 82,2,,,,,,,,,,,,,,,,,,,,,,,,,,,,,,,,,,,,
AL - T.R. Miller Woodlands - Escambia Experimental Forest Compartment 82,3,,,,,,,,,,,,,,,,,,,,,,,,,,,,,,,,,,,,
AL - T.R. Miller Woodlands - Escambia Experimental Forest Compartment 82,4,,,,,,,,,,,,,,,,,,,,,,,,,,,,,,,,,,,,
AL - T.R. Miller Woodlands - Escambia Experimental Forest Compartment 82,5,,,,,,,,,,,,,,,,,,,,,,,,,,,,,,,,,,,,
AL - T.R. Miller Woodlands - Escambia Experimental Forest Compartment 82,6,,,,,,,,,,,,,,,,,,,,,,,,,,,,,,,,,,,,
AL - T.R. Miller Woodlands - Escambia Experimental Forest Compartment 82,7,,,,,,,,,,,,,,,,,,,,,,,,,,,,,,,,,,,,
AL - T.R. Miller Woodlands - Escambia Experimental Forest Compartment 82,8,,,,,,,,,,,,,,,,,,,,,,,,,,,,,,,,,,,,
AL - T.R. Miller Woodlands - Escambia Experimental Forest Compartment 82,9,,,,,,,,,,,,,,,,,,,,,,,,,,,,,,,,,,,,
AL - T.R. Miller Woodlands - Escambia Experimental Forest Compartment 82,10,,,,,,,,,,,,,,,,,,,,,,,,,,,,,,,,,,,,
AL - T.R. Miller Woodlands - Escambia Experimental Forest Compartment 82,11,,,,,,,,,,,,,,,,,,,,,,,,,,,,,,,,,,,,
AL - T.R. Miller Woodlands - Escambia Experimental Forest Compartment 82,12,,,,,,,,,,,,,,,,,,,,,,,,,,,,,,,,,,,,
AL - T.R. Miller Woodlands - Escambia Experimental Forest Compartment 82,13,,,,,,,,,,,,,,,,,,,,,,,,,,,,,,,,,,,,
AL - T.R. Miller Woodlands - Escambia Experimental Forest Compartment 82,14,,,,,,,,,,,,,,,,,,,,,,,,,,,,,,,,,,,,
AL - T.R. Miller Woodlands - Escambia Experimental Forest Compartment 82,15,,,,,,,,,,,,,,,,,,,,,,,,,,,,,,,,,,,,
"GA - Fort Moore Military Base -Units A9, S1, J6, A14, J3, O11, N1, T3, J1 and T5",1,19.2,16.1,19.5,16.5,18.7,17.4,21.7,13.8,12.9,13.7,13.6,16.7,16.3,,12.3,16.1,,13.1,,14.9,,,,,,,,,,,,,,,,
"GA - Fort Moore Military Base -Units A9, S1, J6, A14, J3, O11, N1, T3, J1 and T5",2,14.9,14.0,15.1,18.2,12.6,18.8,18.2,18.6,19.3,18.9,18.4,18.3,16.8,,15.6,15.0,,17.5,,15.2,,,,,,,,,,,,,,,,
"GA - Fort Moore Military Base -Units A9, S1, J6, A14, J3, O11, N1, T3, J1 and T5",3,18.1,15.0,12.9,18.8,20.2,18.2,20.0,19.2,19.2,18.6,18.7,18.8,15.9,,15.7,16.9,,18.2,,12.3,,,,,,,,,,,,,,,,
"GA - Fort Moore Military Base -Units A9, S1, J6, A14, J3, O11, N1, T3, J1 and T5",4,17.4,21.2,13.8,19.5,21.3,18.7,18.5,17.4,18.7,17.1,17.0,14.9,13.1,,14.4,16.9,,14.9,,16.1,,,,,,,,,,,,,,,,
"GA - Fort Moore Military Base -Units A9, S1, J6, A14, J3, O11, N1, T3, J1 and T5",5,21.7,15.8,18.4,18.1,17.6,17.0,16.9,15.1,16.0,18.2,18.0,16.6,14.5,,16.3,17.4,,18.4,,16.8,,,,,,,,,,,,,,,,
"GA - Fort Moore Military Base -Units A9, S1, J6, A14, J3, O11, N1, T3, J1 and T5",6,18.6,20.1,16.4,13.6,17.2,15.8,21.9,21.4,20.3,19.8,20.9,16.8,17.2,,17.4,22.7,,16.8,,14.2,,,,,,,,,,,,,,,,
"GA - Fort Moore Military Base -Units A9, S1, J6, A14, J3, O11, N1, T3, J1 and T5",7,16.6,19.2,21.4,13.7,18.2,18.5,18.4,18.8,18.4,15.5,18.3,19.5,14.3,,14.1,16.8,,18.8,,17.9,,,,,,,,,,,,,,,,
"GA - Fort Moore Military Base -Units A9, S1, J6, A14, J3, O11, N1, T3, J1 and T5",8,19.2,19.2,18.2,12.3,18.8,17.9,16.2,17.3,19.9,19.9,19.7,19.2,15.0,,14.5,17.3,,14.3,,14.8,,,,,,,,,,,,,,,,
"GA - Fort Moore Military Base -Units A9, S1, J6, A14, J3, O11, N1, T3, J1 and T5",9,27.5,26.5,19.0,16.6,26.1,16.2,15.5,15.2,16.5,18.4,16.9,14.7,17.9,,18.6,18.4,,17.2,,13.4,,,,,,,,,,,,,,,,
"GA - Fort Moore Military Base -Units A9, S1, J6, A14, J3, O11, N1, T3, J1 and T5",10,22.8,22.7,16.7,11.0,16.4,20.7,15.8,15.9,16.8,15.8,15.1,15.0,17.5,,18.2,17.7,,19.3,,13.5,,,,,,,,,,,,,,,,
"GA - Fort Moore Military Base -Units A9, S1, J6, A14, J3, O11, N1, T3, J1 and T5",11,16.7,18.6,17.6,17.5,22.1,21.7,20.0,20.8,19.0,17.0,16.5,15.5,15.0,,15.3,14.3,,14.7,,14.8,,,,,,,,,,,,,,,,
"GA - Fort Moore Military Base -Units A9, S1, J6, A14, J3, O11, N1, T3, J1 and T5",12,18.3,19.5,21.1,21.9,17.5,17.1,19.0,16.5,16.8,16.4,17.6,16.2,16.3,,16.5,16.3,,16.9,,17.7,,,,,,,,,,,,,,,,
"GA - Fort Moore Military Base -Units A9, S1, J6, A14, J3, O11, N1, T3, J1 and T5",13,18.9,14.1,10.7,20.4,11.7,17.2,21.5,18.6,17.1,16.4,16.9,17.1,18.8,,14.9,12.6,,15.1,,13.0,,,,,,,,,,,,,,,,
"GA - Fort Moore Military Base -Units A9, S1, J6, A14, J3, O11, N1, T3, J1 and T5",14,16.5,19.6,13.4,13.6,15.9,20.1,15.6,15.5,18.8,15.3,15.4,14.8,16.5,,22.5,12.1,,14.4,,15.1,,,,,,,,,,,,,,,,
"GA - Fort Moore Military Base -Units A9, S1, J6, A14, J3, O11, N1, T3, J1 and T5",15,14.0,18.0,21.1,17.5,14.8,15.0,17.3,15.6,17.3,19.0,15.3,20.6,14.9,,17.7,14.9,,16.3,,16.9,,,,,,,,,,,,,,,,
"GA - Fort Moore Military Base -Units A9, S1, J6, A14, J3, O11, N1, T3, J1 and T5",16,23.0,20.2,16.0,15.2,19.8,14.0,15.7,21.0,12.5,20.8,18.9,15.3,16.9,,17.5,18.2,,12.3,,12.1,,,,,,,,,,,,,,,,
"GA - Fort Moore Military Base -Units A9, S1, J6, A14, J3, O11, N1, T3, J1 and T5",17,19.6,19.7,19.1,19.0,19.9,19.6,16.1,18.9,18.8,17.4,17.3,13.7,13.0,,17.8,18.4,,13.8,,15.7,,,,,,,,,,,,,,,,
"GA - Fort Moore Military Base -Units A9, S1, J6, A14, J3, O11, N1, T3, J1 and T5",18,17.4,14.3,14.3,18.2,14.1,17.8,21.9,16.4,19.0,13.8,19.1,14.3,12.7,,16.7,16.7,,16.6,,16.2,,,,,,,,,,,,,,,,
"GA - Fort Moore Military Base -Units A9, S1, J6, A14, J3, O11, N1, T3, J1 and T5",19,18.6,14.2,19.7,13.8,16.2,16.4,16.6,19.2,18.3,19.1,20.7,15.9,14.4,,16.0,18.7,,10.7,,15.3,,,,,,,,,,,,,,,,
"GA - Fort Moore Military Base -Units A9, S1, J6, A14, J3, O11, N1, T3, J1 and T5",20,17.6,20.0,22.0,18.7,17.9,15.8,17.6,19.5,19.4,17.5,19.2,17.4,15.8,,16.3,17.0,,18.1,,18.2,,,,,,,,,,,,,,,,
"GA - Fort Moore Military Base -Units A9, S1, J6, A14, J3, O11, N1, T3, J1 and T5",21,14.2,15.1,18.4,18.2,14.2,14.4,19.7,17.1,16.9,18.4,18.6,16.5,17.2,,14.3,18.7,,16.9,,14.0,,,,,,,,,,,,,,,,
"GA - Fort Moore Military Base -Units A9, S1, J6, A14, J3, O11, N1, T3, J1 and T5",22,19.2,12.5,17.1,19.9,15.1,14.1,17.7,18.2,19.3,17.6,20.7,18.8,14.9,,14.7,17.7,,17.3,,14.8,,,,,,,,,,,,,,,,
"GA - Fort Moore Military Base -Units A9, S1, J6, A14, J3, O11, N1, T3, J1 and T5",23,14.0,14.9,12.1,14.5,14.4,21.4,19.8,19.4,21.6,19.0,19.0,18.0,13.7,,15.4,16.5,,18.0,,13.1,,,,,,,,,,,,,,,,
"GA - Fort Moore Military Base -Units A9, S1, J6, A14, J3, O11, N1, T3, J1 and T5",24,20.1,19.1,14.8,16.8,14.3,13.0,14.1,17.3,15.2,20.3,18.8,16.3,12.4,,12.6,18.0,,16.8,,14.6,,,,,,,,,,,,,,,,
"GA - Fort Moore Military Base -Units A9, S1, J6, A14, J3, O11, N1, T3, J1 and T5",25,18.6,17.3,11.8,11.7,11.5,15.9,17.9,18.9,13.0,16.0,16.9,15.6,15.3,,15.0,19.1,,15.8,,16.2,,,,,,,,,,,,,,,,
"GA - Fort Moore Military Base -Units A9, S1, J6, A14, J3, O11, N1, T3, J1 and T5",26,20.8,18.8,18.3,10.3,19.9,20.0,19.0,15.9,17.1,16.5,19.9,23.4,12.0,,23.8,14.2,,15.3,,15.4,,,,,,,,,,,,,,,,
"GA - Fort Moore Military Base -Units A9, S1, J6, A14, J3, O11, N1, T3, J1 and T5",27,17.9,16.7,20.5,15.7,17.1,21.0,13.9,16.0,16.3,23.0,16.4,15.2,12.5,,14.8,14.3,,17.1,,14.1,,,,,,,,,,,,,,,,
"GA - Fort Moore Military Base -Units A9, S1, J6, A14, J3, O11, N1, T3, J1 and T5",28,20.8,15.1,18.3,13.9,21.4,24.5,17.6,24.2,18.4,23.5,23.5,14.9,13.1,,18.3,12.8,,14.9,,12.0,,,,,,,,,,,,,,,,
"GA - Fort Moore Military Base -Units A9, S1, J6, A14, J3, O11, N1, T3, J1 and T5",29,20.3,18.2,21.5,14.2,21.3,19.7,14.1,20.0,17.0,12.4,15.3,15.1,14.7,,16.2,15.2,,12.1,,12.9,,,,,,,,,,,,,,,,
"GA - Fort Moore Military Base -Units A9, S1, J6, A14, J3, O11, N1, T3, J1 and T5",30,21.2,15.2,18.2,20.8,23.7,20.4,14.2,16.5,26.7,15.9,15.7,16.3,18.1,,20.0,15.5,,21.8,,14.8,,,,,,,,,,,,,,,,
"GA - Fort Moore Military Base -Units A9, S1, J6, A14, J3, O11, N1, T3, J1 and T5",31,19.1,16.9,18.5,14.1,16.7,15.9,17.9,18.3,18.8,18.3,17.0,17.8,22.2,,19.9,19.1,,13.7,,15.2,,,,,,,,,,,,,,,,
"GA - Fort Moore Military Base -Units A9, S1, J6, A14, J3, O11, N1, T3, J1 and T5",32,17.5,23.1,21.7,10.0,13.8,13.6,20.1,15.9,21.5,15.9,17.1,15.7,10.2,,14.2,16.9,,16.8,,14.0,,,,,,,,,,,,,,,,
"GA - Fort Moore Military Base -Units A9, S1, J6, A14, J3, O11, N1, T3, J1 and T5",33,16.3,19.4,11.9,12.6,9.5,17.5,17.2,17.1,22.6,16.9,15.7,11.6,12.8,,15.6,16.7,,18.4,,15.8,,,,,,,,,,,,,,,,
"GA - Fort Moore Military Base -Units A9, S1, J6, A14, J3, O11, N1, T3, J1 and T5",34,14.6,23.8,16.3,16.3,11.6,16.0,14.5,17.0,15.4,17.1,18.2,17.0,13.3,,15.0,18.8,,15.2,,18.3,,,,,,,,,,,,,,,,
"GA - Fort Moore Military Base -Units A9, S1, J6, A14, J3, O11, N1, T3, J1 and T5",35,14.8,12.3,20.5,12.8,16.0,16.6,21.9,26.0,22.0,24.8,15.7,17.1,13.5,,18.9,17.0,,19.1,,18.2,,,,,,,,,,,,,,,,
"GA - Fort Moore Military Base -Units A9, S1, J6, A14, J3, O11, N1, T3, J1 and T5",36,20.1,20.0,13.9,16.1,18.0,18.0,18.9,13.9,15.3,18.4,18.5,16.7,12.6,,18.3,14.8,,15.9,,12.9,,,,,,,,,,,,,,,,
"GA - Fort Moore Military Base -Units A9, S1, J6, A14, J3, O11, N1, T3, J1 and T5",37,16.2,18.5,18.0,19.5,16.8,16.9,19.0,14.6,17.3,14.0,20.6,18.2,15.9,,12.9,19.3,,13.0,,16.3,,,,,,,,,,,,,,,,
"GA - Fort Moore Military Base -Units A9, S1, J6, A14, J3, O11, N1, T3, J1 and T5",38,23.1,20.5,22.4,23.0,18.3,22.4,20.4,14.0,18.4,18.4,18.4,19.1,12.4,,15.1,12.3,,17.6,,12.0,,,,,,,,,,,,,,,,
"GA - Fort Moore Military Base -Units A9, S1, J6, A14, J3, O11, N1, T3, J1 and T5",39,22.1,22.2,16.5,18.2,21.8,15.7,12.4,14.1,15.3,13.8,14.0,15.9,14.4,,17.6,17.4,,19.1,,12.7,,,,,,,,,,,,,,,,
"GA - Fort Moore Military Base -Units A9, S1, J6, A14, J3, O11, N1, T3, J1 and T5",40,18.6,17.0,21.5,15.9,17.8,18.3,18.6,17.3,19.2,14.4,18.4,15.0,11.9,,18.2,15.2,,13.3,,17.7,,,,,,,,,,,,,,,,
"GA - Fort Moore Military Base -Units A9, S1, J6, A14, J3, O11, N1, T3, J1 and T5",41,24.1,14.6,13.9,18.1,21.1,19.6,22.3,21.7,19.1,17.4,21.1,20.6,18.8,,16.4,15.0,,13.2,,12.9,,,,,,,,,,,,,,,,
"GA - Fort Moore Military Base -Units A9, S1, J6, A14, J3, O11, N1, T3, J1 and T5",42,16.8,13.8,16.1,14.4,19.1,17.2,26.1,17.5,20.7,16.8,17.4,19.6,15.2,,15.7,13.9,,10.1,,11.9,,,,,,,,,,,,,,,,
"GA - Fort Moore Military Base -Units A9, S1, J6, A14, J3, O11, N1, T3, J1 and T5",43,15.5,18.0,8.1,19.9,21.6,14.0,18.5,25.2,19.5,21.4,21.4,16.6,15.5,,20.2,15.3,,12.3,,13.1,,,,,,,,,,,,,,,,
"GA - Fort Moore Military Base -Units A9, S1, J6, A14, J3, O11, N1, T3, J1 and T5",44,16.0,16.0,16.7,21.3,16.9,15.9,15.4,21.4,21.2,16.0,18.9,21.2,14.4,,16.6,18.6,,13.7,,14.8,,,,,,,,,,,,,,,,
"GA - Fort Moore Military Base -Units A9, S1, J6, A14, J3, O11, N1, T3, J1 and T5",45,20.8,16.9,15.6,14.3,14.2,19.0,17.8,22.7,21.4,16.7,15.3,18.9,16.5,,13.9,15.7,,13.0,,11.0,,,,,,,,,,,,,,,,
"GA - Fort Moore Military Base -Units A9, S1, J6, A14, J3, O11, N1, T3, J1 and T5",46,15.0,16.2,14.6,19.2,20.3,16.0,15.9,21.0,17.0,15.7,15.5,13.8,14.1,,18.1,14.9,,12.4,,13.4,,,,,,,,,,,,,,,,
"GA - Fort Moore Military Base -Units A9, S1, J6, A14, J3, O11, N1, T3, J1 and T5",47,17.9,17.9,18.8,15.8,14.8,17.4,21.5,17.6,12.5,15.6,20.7,15.5,12.6,,15.3,17.4,,16.0,,14.8,,,,,,,,,,,,,,,,
"GA - Fort Moore Military Base -Units A9, S1, J6, A14, J3, O11, N1, T3, J1 and T5",48,16.3,20.4,11.7,14.1,11.2,19.1,16.8,15.1,16.8,19.7,17.2,18.1,15.9,,15.0,16.6,,14.9,,15.9,,,,,,,,,,,,,,,,
"GA - Fort Moore Military Base -Units A9, S1, J6, A14, J3, O11, N1, T3, J1 and T5",49,14.6,12.0,17.0,11.7,18.2,21.5,18.8,18.6,18.2,18.5,18.3,18.7,16.3,,21.6,19.1,,16.9,,16.0,,,,,,,,,,,,,,,,
"GA - Fort Moore Military Base -Units A9, S1, J6, A14, J3, O11, N1, T3, J1 and T5",50,17.3,19.6,10.9,16.2,17.2,20.8,19.5,19.2,19.2,20.0,18.9,21.6,17.1,,20.8,15.9,,15.7,,18.1,,,,,,,,,,,,,,,,
GA - Jones Ecological Research Center - the Turkey Woods,1,21.6,21.9,21.7,21.7,,21.3,,22.0,,,,,,,,,,,,19.9,,,,,,,,,,,,,,,,
GA - Jones Ecological Research Center - the Turkey Woods,2,19.4,18.5,19.4,19.3,,19.3,,20.3,,,,,,,,,,,,18.9,,,,,,,,,,,,,,,,
GA - Jones Ecological Research Center - the Turkey Woods,3,14.3,14.3,14.2,14.2,,14.1,,15.0,,,,,,,,,,,,13.5,,,,,,,,,,,,,,,,
GA - Jones Ecological Research Center - the Turkey Woods,4,18.5,18.6,18.9,18.6,,18.8,,20.2,,,,,,,,,,,,18.0,,,,,,,,,,,,,,,,
GA - Jones Ecological Research Center - the Turkey Woods,5,18.6,18.7,18.6,18.6,,18.4,,18.3,,,,,,,,,,,,,,,,,,,,,,,,,,,,
GA - Jones Ecological Research Center - the Turkey Woods,6,18.6,18.7,18.7,18.7,,18.6,,19.2,,,,,,,,,,,,,,,,,,,,,,,,,,,,
GA - Jones Ecological Research Center - the Turkey Woods,7,22.3,22.4,22.4,22.2,,22.2,,23.5,,,,,,,,,,,,,,,,,,,,,,,,,,,,
GA - Jones Ecological Research Center - the Turkey Woods,8,16.7,16.8,17.2,16.7,,16.8,,16.2,,,,,,,,,,,,,,,,,,,,,,,,,,,,
GA - Jones Ecological Research Center - the Turkey Woods,9,dead,dead,dead,24.7,,24.5,,26.0,,,,,,,,,,,,,,,,,,,,,,,,,,,,
GA - Jones Ecological Research Center - the Turkey Woods,10,20.0,19.9,20.0,19.8,,19.8,,22.1,,,,,,,,,,,,,,,,,,,,,,,,,,,,
GA - Jones Ecological Research Center - the Turkey Woods,11,22.2,22.1,22.2,22.3,,21.8,,21.2,,,,,,,,,,,,20.9,,,,,,,,,,,,,,,,
GA - Southlands Experimental Forest of International Paper Company - near Bainbridge,1,,,,,,,,,,,,,,,,,,,,,,,,,,,,,18.7,18.6,,,,,,
GA - Southlands Experimental Forest of International Paper Company - near Bainbridge,2,,,,,,,,,,,,,,,,,,,,,,,,,,,,,13.6,13.2,,,,,,
GA - Southlands Experimental Forest of International Paper Company - near Bainbridge,3,,,,,,,,,,,,,,,,,,,,,,,,,,,,,21.4,21.3,,,,,,
GA - Southlands Experimental Forest of International Paper Company - near Bainbridge,4,,,,,,,,,,,,,,,,,,,,,,,,,,,,,16.4,16.6,,,,,,
GA - Southlands Experimental Forest of International Paper Company - near Bainbridge,5,,,,,,,,,,,,,,,,,,,,,,,,,,,,,17.7,17.0,,,,,,
GA - Southlands Experimental Forest of International Paper Company - near Bainbridge,6,,,,,,,,,,,,,,,,,,,,,,,,,,,,,14.4,14.4,,,,,,
GA - Southlands Experimental Forest of International Paper Company - near Bainbridge,7,,,,,,,,,,,,,,,,,,,,,,,,,,,,,15.1,14.8,,,,,,
GA - Southlands Experimental Forest of International Paper Company - near Bainbridge,8,,,,,,,,,,,,,,,,,,,,,,,,,,,,,13.2,12.9,,,,,,
GA - Southlands Experimental Forest of International Paper Company - near Bainbridge,9,,,,,,,,,,,,,,,,,,,,,,,,,,,,,17.0,,,,,,,
GA - Southlands Experimental Forest of International Paper Company - near Bainbridge,10,,,,,,,,,,,,,,,,,,,,,,,,,,,,,,,,,,,,
GA - Southlands Experimental Forest of International Paper Company - near Bainbridge,11,,,,,,,,,,,,,,,,,,,,,,,,,,,,,,,,,,,,
GA - Southlands Experimental Forest of International Paper Company - near Bainbridge,12,,,,,,,,,,,,,,,,,,,,,,,,,,,,,,,,,,,,
GA - Southlands Experimental Forest of International Paper Company - near Bainbridge,13,,,,,,,,,,,,,,,,,,,,,,,,,,,,,,,,,,,,
LA - Kisatchie National Forest - Palustris Experimental Forest Croker Stand,111,23.4,23.3,23.2,23.0,22.8,22.7,22.5,22.3,22.3,22.3,22.1,21.9,21.9,21.8,21.8,21.7,,,,,,,,,,,,,,,,,,,,
LA - Kisatchie National Forest - Palustris Experimental Forest Croker Stand,112,20.7,20.6,20.6,20.5,20.4,20.4,20.3,20.3,20.2,20.2,20.1,20.0,19.9,19.9,20.2,19.7,,,,,,,,,,,,,,,,,,,,
LA - Kisatchie National Forest - Palustris Experimental Forest Croker Stand,211,22.1,21.9,21.9,21.8,21.6,21.5,21.4,21.3,21.2,21.1,20.9,20.7,20.7,20.7,20.6,20.4,,,,,,,,,,,,,,,,,,,,
LA - Kisatchie National Forest - Palustris Experimental Forest Croker Stand,212,21.0,20.9,20.9,20.9,20.7,20.7,20.5,20.4,20.3,20.2,20.0,19.9,19.7,19.6,19.5,19.3,,,,,,,,,,,,,,,,,,,,
LA - Kisatchie National Forest - Palustris Experimental Forest Croker Stand,221,23.8,23.7,23.7,23.6,23.4,23.4,23.3,23.1,23.1,23.0,22.8,22.7,22.7,22.5,22.7,22.3,,,,,,,,,,,,,,,,,,,,
LA - Kisatchie National Forest - Palustris Experimental Forest Croker Stand,242,22.6,22.4,22.4,22.4,22.2,22.1,22.1,22.0,22.0,21.9,21.9,21.9,21.6,21.5,21.5,21.3,,,,,,,,,,,,,,,,,,,,
LA - Kisatchie National Forest - Palustris Experimental Forest Croker Stand,311,19.7,19.7,19.7,19.6,19.3,19.4,19.2,19.1,19.0,19.0,18.9,18.8,18.6,18.6,18.6,18.6,,,,,,,,,,,,,,,,,,,,
LA - Kisatchie National Forest - Palustris Experimental Forest Croker Stand,322,24.1,24.1,24.1,24.1,23.7,23.6,23.4,23.2,23.1,23.0,22.9,22.7,22.6,22.5,22.5,22.2,,,,,,,,,,,,,,,,,,,,
LA - Kisatchie National Forest - Palustris Experimental Forest Croker Stand,331,25.8,25.7,25.8,25.7,25.5,25.6,25.5,25.4,25.4,25.3,25.2,25.1,24.9,24.9,25.0,24.6,,,,,,,,,,,,,,,,,,,,
LA - Kisatchie National Forest - Palustris Experimental Forest Croker Stand,352,22.9,22.8,22.9,22.9,22.8,22.8,22.8,22.7,22.8,22.7,22.6,22.5,22.4,22.3,22.4,22.3,,,,,,,,,,,,,,,,,,,,
LA - Kisatchie National Forest - Palustris Experimental Forest Croker Stand,422,19.2,19.1,19.1,19.0,18.9,18.9,18.8,18.8,18.8,18.7,19.6,18.5,18.4,18.4,18.4,18.5,,,,,,,,,,,,,,,,,,,,
LA - Kisatchie National Forest - Palustris Experimental Forest Croker Stand,442,25.7,25.5,25.5,25.4,25.1,25.6,24.9,24.8,24.8,24.8,24.6,24.4,24.2,24.0,24.1,23.9,,,,,,,,,,,,,,,,,,,,
LA - Kisatchie National Forest - Palustris Experimental Forest Croker Stand,451,18.8,18.7,18.7,18.6,18.5,18.6,18.5,18.5,18.5,18.5,18.4,18.4,18.3,18.2,18.4,18.0,,,,,,,,,,,,,,,,,,,,
LA - Kisatchie National Forest - Palustris Experimental Forest Croker Stand,511,21.6,21.5,21.5,21.4,21.3,21.3,21.2,21.1,21.0,21.0,20.9,20.7,20.6,20.5,20.5,20.2,,,,,,,,,,,,,,,,,,,,
LA - Kisatchie National Forest - Palustris Experimental Forest Croker Stand,551,21.8,21.7,21.6,21.5,21.3,21.2,21.1,21.0,21.1,21.0,20.7,20.6,20.5,20.3,20.3,20.0,,,,,,,,,,,,,,,,,,,,
FL - Ordway-Swisher Biological Station - Compartment #MU-B6,1,16.5,16.5,16.5,16.6,,16.5,16.5,16.5,16.5,16.5,,,,,,,,,,,,,,,,,,,,,,,,,,
FL - Ordway-Swisher Biological Station - Compartment #MU-B6,2,14.6,14.6,14.6,14.5,,14.6,14.6,14.2,14.2,14.2,,,,,,,,,,,,,,,,,,,,,,,,,,
FL - Ordway-Swisher Biological Station - Compartment #MU-B6,3,13.4,13.4,13.4,13.1,,13.4,13.4,13.0,13.0,13.0,,,,,,,,,,,,,,,,,,,,,,,,,,
FL - Ordway-Swisher Biological Station - Compartment #MU-B6,4,13.4,18.9,13.4,13.1,,18.9,18.9,18.9,18.9,18.9,,,,,,,,,,,,,,,,,,,,,,,,,,
FL - Ordway-Swisher Biological Station - Compartment #MU-B6,5,13.8,13.4,13.4,13.5,,13.4,13.4,13.0,13.0,13.0,,,,,,,,,,,,,,,,,,,,,,,,,,
FL - Ordway-Swisher Biological Station - Compartment #MU-B6,6,15.0,14.6,14.6,14.8,,14.6,14.6,14.2,14.2,14.2,,,,,,,,,,,,,,,,,,,,,,,,,,
FL - Ordway-Swisher Biological Station - Compartment #MU-B6,7,14.6,14.6,14.6,14.6,,14.6,14.6,14.2,14.2,14.2,,,,,,,,,,,,,,,,,,,,,,,,,,
FL - Ordway-Swisher Biological Station - Compartment #MU-B6,8,14.2,14.2,14.2,14.3,,14.2,14.2,14.2,14.2,14.2,,,,,,,,,,,,,,,,,,,,,,,,,,
FL - Ordway-Swisher Biological Station - Compartment #MU-B6,9,14.2,14.2,14.2,14.1,,14.2,14.2,13.0,13.0,13.0,,,,,,,,,,,,,,,,,,,,,,,,,,
FL - Ordway-Swisher Biological Station - Compartment #MU-B6,10,18.35,18.5,18.5,18.5,,18.5,18.5,15.7,15.7,15.7,,,,,,,,,,,,,,,,,,,,,,,,,,
SC - Sand Hills State Forest -  East of Patrick-Society Hill Road,1,16.7,16.5,16.4,16.5,,16.1,,,,,,,,,,,17.6,,,17.3,,17.1,17.1,16.9,,16.7,,,16.5,,,,,,,
SC - Sand Hills State Forest -  East of Patrick-Society Hill Road,2,17.4,17.4,17.3,17.2,,17.0,,,,,,,,,,,16.2,,,15.9,,15.7,15.6,15.4,,15.3,,,14.9,,,,,,,
SC - Sand Hills State Forest -  East of Patrick-Society Hill Road,3,16.3,16.2,16.1,15.9,,15.8,,,,,,,,,,,14.3,,,14.0,,13.6,13.8,13.5,,13.4,,,13.3,,,,,,,
SC - Sand Hills State Forest -  East of Patrick-Society Hill Road,4,18.7,18.5,18.6,18.5,,18.4,,,,,,,,,,,15.0,,,14.9,,14.8,14.9,14.7,,14.7,,,14.6,,,,,,,
SC - Sand Hills State Forest -  East of Patrick-Society Hill Road,5,16.8,16.5,16.4,16.7,,16.5,,,,,,,,,,,15.6,,,15.5,,15.4,15.5,15.4,,15.2,,,15.0,,,,,,,
SC - Sand Hills State Forest -  East of Patrick-Society Hill Road,6,17.3,17.4,17.2,17.1,,16.7,,,,,,,,,,,15.0,,,14.6,,14.4,14.3,14.2,,14.0,,,13.5,,,,,,,
SC - Sand Hills State Forest -  East of Patrick-Society Hill Road,7,15.8,15.5,15.7,15.7,,15.5,,,,,,,,,,,14.8,,,14.6,,14.5,14.5,14.3,,14.3,,,14.1,,,,,,,
SC - Sand Hills State Forest -  East of Patrick-Society Hill Road,8,18.5,18.2,17.8,18.3,,17.8,,,,,,,,,,,16.4,,,16.3,,16.0,16.0,15.7,,15.5,,,15.2,,,,,,,
SC - Sand Hills State Forest -  East of Patrick-Society Hill Road,9,17.6,17.6,17.5,17.6,,17.2,,,,,,,,,,,16.4,,,16.1,,16.0,15.9,15.8,,15.5,,,15.2,,,,,,,
SC - Sand Hills State Forest -  East of Patrick-Society Hill Road,10,16.8,16.2,16.7,17.2,,16.3,,,,,,,,,,,15.1,,,14.8,,14.6,14.6,14.4,,14.0,,,14.3,,,,,,,
SC - Sand Hills State Forest -  East of Patrick-Society Hill Road,11,22.8,22.9,22.8,22.6,,22.6,,,,,,,,,,,21.5,,,21.1,,20.7,20.9,20.6,,20.5,,,20.3,,,,,,,
SC - Sand Hills State Forest -  East of Patrick-Society Hill Road,12,15.2,14.9,14.6,14.9,,14.4,,,,,,,,,,,15.4,,,14.9,,14.6,14.8,14.5,,14.2,,,13.8,,,,,,,
SC - Sand Hills State Forest -  East of Patrick-Society Hill Road,13,dead,dead,dead,dead,,dead,dead,dead,dead,dead,dead,dead,dead,dead,dead,,dead,dead,dead,dead,,17.1,17.1,16.9,,16.7,,,16.1,,,,,,,
SC - Sand Hills State Forest -  East of Patrick-Society Hill Road,14,17.0,16.7,16.6,16.7,,16.4,,,,,,,,,,,15.8,,,18.6,,18.1,18.4,18.0,,18.0,,,17.7,,,,,,,
SC - Sand Hills State Forest -  East of Patrick-Society Hill Road,15,missing,16.7,16.7,16.8,,missing,,,,,,,,,,,15.5,,,15.2,,13.8,13.7,13.6,,13.5,,,13.1,,,,,,,
FL - Tall Timbers Research Station - Westside of Gallien Road,1,25.6,25.6,25.5,24.6,,24.5,24.1,24.1,,,,,,,23.1,,,,,,,,,,,,,,,,,,,,,
FL - Tall Timbers Research Station - Westside of Gallien Road,2,dead,dead,dead,dead,,dead,dead,dead,dead,dead,dead,dead,dead,,21.3,,,,,,,,,,,,,,,,,,,,,
FL - Tall Timbers Research Station - Westside of Gallien Road,3,25.0,23.0,24.8,25.0,,25.0,25.0,25.0,,,,,,,23.7,,,,,,,,,,,,,,,,,,,,,
FL - Tall Timbers Research Station - Westside of Gallien Road,4,27.3,27.3,27.0,27.3,,26.3,27.1,27.1,,,,,,,25.2,,,,,,,,,,,,,,,,,,,,,
FL - Tall Timbers Research Station - Westside of Gallien Road,5,20.2,19.8,20.1,19.6,,19.8,20.2,20.2,,,,,,,19.2,,,,,,,,,,,,,,,,,,,,,
FL - Tall Timbers Research Station - Westside of Gallien Road,6,18.9,16.8,18.7,18.7,,18.4,19.3,19.3,,,,,,,17.7,,,,,,,,,,,,,,,,,,,,,
FL - Tall Timbers Research Station - Westside of Gallien Road,7,27.6,27.5,27.5,27.4,,27.2,27.2,27.2,,,,,,,26.4,,,,,,,,,,,,,,,,,,,,,
FL - Tall Timbers Research Station - Westside of Gallien Road,8,25.5,30.8,25.7,25.4,,24.5,26.0,26.0,,,,,,,14.5,,,,,,,,,,,,,,,,,,,,,
FL - Tall Timbers Research Station - Westside of Gallien Road,9,18.7,18.6,18.8,18.5,,19.1,19.1,19.1,,,,,,,18.2,,,,,,,,,,,,,,,,,,,,,
FL - Tall Timbers Research Station - Westside of Gallien Road,10,18.7,18.8,18.7,18.5,,18.0,19.3,19.3,,,,,,,16.5,,,,,,,,,,,,,,,,,,,,,
GA - Tall Timbers Research Station - Pebble Hill Plantation,1,,,,,,,,,,,,,,,,,,,,,,,,,,,,,,,,,,,,
GA - Tall Timbers Research Station - Pebble Hill Plantation,2,,,,,,,,,,,,,,,,,,,,,,,,,,,,,,,,,,,,
GA - Tall Timbers Research Station - Pebble Hill Plantation,3,,,,,,,,,,,,,,,,dead,dead,dead,dead,dead,,dead,,,,,,,,,,,,,,
GA - Tall Timbers Research Station - Pebble Hill Plantation,4,,,,,,,,,,,,,,,,,,,,,,,,,,,,,,,,,,,,
GA - Tall Timbers Research Station - Pebble Hill Plantation,5,,,,,,,,,,,,,,,,,,,,,,,,,,,,,,,,,,,,
GA - Tall Timbers Research Station - Pebble Hill Plantation,6,,,,,,,,,,,,,,,,,,,,,,,,,,,,,,,,,,,,
GA - Tall Timbers Research Station - Pebble Hill Plantation,7,,,,,,,,,,,,,,,,,,,,,,,,,,,,,,,,,,,,
GA - Tall Timbers Research Station - Pebble Hill Plantation,8,,,,,,,,,,,,,,,,,,,,,,,,,,,,,,,,,,,,
GA - Tall Timbers Research Station - Pebble Hill Plantation,9,,,,,,,,,,,,,,,,,,,,,,,,,,,,,,,,,,,,
GA - Tall Timbers Research Station - Pebble Hill Plantation,10,,,,,,,,,,,,,,,,,,,,,,,,,,,,,,,,,,,,
GA - Tall Timbers Research Station - Pebble Hill Plantation,11,,,,,,,,,,,,,,,,,,,,,,,,,,,,,,,,,,,,
,,,,,,,,,,,,,,,,,,,,,,,,,,,,,,,,,,,,,
